lr-AdamW/pg2,step,valid_collapse,valid_loss_t,lr-AdamW/pg1,valid_loss,lr-AdamW/pg3,epoch,valid_loss_c,valid_loss_a,train_collapse,train_loss_t,train_loss,train_loss_c,train_loss_a
0.00025,0,,,0.00025,,0.00025,,,,,,,,
,425,0.001129755168221891,0.8456454277038574,,0.920244574546814,,0,0.9941132664680481,0.00036523627932183444,,,,,
,425,,,,,,0,,,0.011066843755543232,0.9608281254768372,0.9862440824508667,0.978626012802124,0.0165171567350626
0.00025038357637042607,426,,,0.00025038357637042607,,0.00025038357637042607,,,,,,,,
,851,0.0019053446594625711,0.8432689905166626,,0.9169974327087402,,1,0.9838946461677551,0.0034155824687331915,,,,,
,851,,,,,,1,,,0.004223151132464409,0.954387366771698,0.9528490900993347,0.9489020109176636,0.001204669359140098
0.000251531951388393,852,,,0.000251531951388393,,0.000251531951388393,,,,,,,,
,1277,0.06591104716062546,0.8367828726768494,,0.9226872324943542,,2,0.9576650261878967,0.025463202968239784,,,,,
,1277,,,,,,2,,,0.0709460899233818,0.929008424282074,0.9002161026000977,0.8331759572029114,0.01912413164973259
0.0002534380772215605,1278,,,0.0002534380772215605,,0.0002534380772215605,,,,,,,,
,1703,0.11923710256814957,0.8276155591011047,,0.9260867238044739,,3,0.939647376537323,0.04245520383119583,,,,,
,1703,,,,,,3,,,0.20920227468013763,0.9182860851287842,0.8998724818229675,0.8054707050323486,0.03799428790807724
0.0002560902555526698,1704,,,0.0002560902555526698,,0.0002560902555526698,,,,,,,,
,2129,0.1353309154510498,0.8232966661453247,,0.9332482814788818,,4,0.9323292374610901,0.055435311049222946,,,,,
,2129,,,,,,4,,,0.26544326543807983,0.9090737104415894,0.8967025876045227,0.7896888852119446,0.04732130467891693
0.0002594722093747134,2130,,,0.0002594722093747134,,0.0002594722093747134,,,,,,,,
,2555,0.1511959433555603,0.8085523247718811,,0.9192579984664917,,5,0.9097782373428345,0.0600927509367466,,,,,
,2555,,,,,,5,,,0.28848591446876526,0.897549569606781,0.8831248879432678,0.7618132829666138,0.05344328656792641
0.0002635631828865392,2556,,,0.0002635631828865392,,0.0002635631828865392,,,,,,,,
,2981,0.14437884092330933,0.8060616850852966,,0.9238746762275696,,6,0.9045515060424805,0.06856805831193924,,,,,
,2981,,,,,,6,,,0.296211838722229,0.88251131772995,0.8674054741859436,0.7346861362457275,0.05880674719810486
0.0002683380688758085,2982,,,0.0002683380688758085,,0.0002683380688758085,,,,,,,,
,3407,0.1459382325410843,0.8056869506835938,,0.9296010732650757,,7,0.910963237285614,0.07127588987350464,,,,,
,3407,,,,,,7,,,0.29814156889915466,0.8772367238998413,0.8635056018829346,0.7244450449943542,0.06266473978757858
0.0002737675628075298,3408,,,0.0002737675628075298,,0.0002737675628075298,,,,,,,,
,3833,0.15373463928699493,0.8023681640625,,0.9244798421859741,,8,0.8959657549858093,0.07531284540891647,,,,,
,3833,,,,,,8,,,0.29982790350914,0.8722622394561768,0.8582594394683838,0.7155129909515381,0.0643719732761383
0.0002798183426724939,3834,,,0.0002798183426724939,,0.0002798183426724939,,,,,,,,
,4259,0.152821347117424,0.7993741631507874,,0.9275137186050415,,9,0.8957019448280334,0.0799756571650505,,,,,
,4259,,,,,,9,,,0.30245426297187805,0.8660681843757629,0.85126793384552,0.7054782509803772,0.06549470126628876
0.0002864532734918391,4260,,,0.0002864532734918391,,0.0002864532734918391,,,,,,,,
,4685,0.1559213101863861,0.7894960045814514,,0.9245902299880981,,10,0.8917030096054077,0.08399064838886261,,,,,
,4685,,,,,,10,,,0.30764126777648926,0.8619151711463928,0.847698450088501,0.6996708512306213,0.06690549105405807
0.000293631635222658,4686,,,0.000293631635222658,,0.000293631635222658,,,,,,,,
,5111,0.17240318655967712,0.7880019545555115,,0.9209042191505432,,11,0.88404780626297,0.0848793014883995,,,,,
,5111,,,,,,11,,,0.31200873851776123,0.8616408109664917,0.8497328162193298,0.7007253170013428,0.0685497298836708
0.00030130937266593764,5112,,,0.00030130937266593764,,0.00030130937266593764,,,,,,,,
,5537,0.17338794469833374,0.7867950797080994,,0.923406720161438,,12,0.8841902017593384,0.0879141092300415,,,,,
,5537,,,,,,12,,,0.31685638427734375,0.8603981733322144,0.8496935367584229,0.6991877555847168,0.06990064680576324
0.0003094393658430928,5538,,,0.0003094393658430928,,0.0003094393658430928,,,,,,,,
,5963,0.16991424560546875,0.7832480072975159,,0.921170175075531,,13,0.8829187750816345,0.08808682858943939,,,,,
,5963,,,,,,13,,,0.3233872950077057,0.8554835915565491,0.8425748944282532,0.6899392604827881,0.06986352056264877
0.00031797171918173175,5964,,,0.00031797171918173175,,0.00031797171918173175,,,,,,,,
,6389,0.17188870906829834,0.7801523208618164,,0.9166309833526611,,14,0.8765695691108704,0.08827009797096252,,,,,
,6389,,,,,,14,,,0.3252321779727936,0.8560203909873962,0.8446928262710571,0.6917759776115417,0.07079435884952545
0.0003268540677358573,6390,,,0.0003268540677358573,,0.0003268540677358573,,,,,,,,
,6815,0.17333978414535522,0.7937296032905579,,0.937098503112793,,15,0.8979186415672302,0.09127437323331833,,,,,
,6815,,,,,,15,,,0.32798996567726135,0.8527905941009521,0.8408532738685608,0.6864268779754639,0.07124467194080353
0.00033603189856116133,6816,,,0.00033603189856116133,,0.00033603189856116133,,,,,,,,
,7241,0.17334331572055817,0.7833535671234131,,0.9287793636322021,,16,0.891411304473877,0.09139692783355713,,,,,
,7241,,,,,,16,,,0.32870644330978394,0.8523328900337219,0.8411257863044739,0.686290979385376,0.07181406021118164
0.00034544888527306226,7242,,,0.00034544888527306226,,0.00034544888527306226,,,,,,,,
,7667,0.1745947152376175,0.7758106589317322,,0.9147232174873352,,17,0.8752636313438416,0.08918605744838715,,,,,
,7667,,,,,,17,,,0.33321863412857056,0.8516003489494324,0.8410677909851074,0.6843098402023315,0.07311291247606277
0.00035504723373422717,7668,,,0.00035504723373422717,,0.00035504723373422717,,,,,,,,
,8093,0.1759003847837448,0.7785484790802002,,0.9162641167640686,,18,0.874947726726532,0.0895160362124443,,,,,
,8093,,,,,,18,,,0.3368235230445862,0.8507323861122131,0.8409342169761658,0.6832202672958374,0.0739579051733017
0.00036476803675001906,8094,,,0.00036476803675001906,,0.00036476803675001906,,,,,,,,
,8519,0.16829411685466766,0.7829315066337585,,0.9226004481315613,,19,0.8820984363555908,0.09008541703224182,,,,,
,8519,,,,,,19,,,0.3428918421268463,0.8489985466003418,0.8398221135139465,0.6806948781013489,0.07497532665729523
0.0003745516355950231,8520,,,0.0003745516355950231,,0.0003745516355950231,,,,,,,,
,8945,0.18361900746822357,0.7693360447883606,,0.9035623073577881,,20,0.8606342673301697,0.08857708424329758,,,,,
,8945,,,,,,20,,,0.3483056426048279,0.8463526368141174,0.8365382552146912,0.6766582727432251,0.07503290474414825
0.00038433798615188466,8946,,,0.00038433798615188466,,0.00038433798615188466,,,,,,,,
,9371,0.17828091979026794,0.7849090099334717,,0.9288445711135864,,21,0.8861410617828369,0.09331955015659332,,,,,
,9371,,,,,,21,,,0.353179395198822,0.8470237851142883,0.8379331231117249,0.6769130229949951,0.0759645402431488
0.00039406702741538247,9372,,,0.00039406702741538247,,0.00039406702741538247,,,,,,,,
,9797,0.17503710091114044,0.7817016839981079,,0.9236177206039429,,22,0.878951370716095,0.09329114109277725,,,,,
,9797,,,,,,22,,,0.35792794823646545,0.84478759765625,0.8355687260627747,0.6740283370018005,0.07616082578897476
0.00040367905010014744,9798,,,0.00040367905010014744,,0.00040367905010014744,,,,,,,,
,10223,0.18033845722675323,0.7707098126411438,,0.9071175456047058,,23,0.8588139414787292,0.09235566109418869,,,,,
,10223,,,,,,23,,,0.3646692633628845,0.8431221842765808,0.8338855504989624,0.6718544960021973,0.07639758288860321
0.00041311506308979747,10224,,,0.00041311506308979747,,0.00041311506308979747,,,,,,,,
,10649,0.176654651761055,0.77644944190979,,0.9180352687835693,,24,0.8739826679229736,0.09281934797763824,,,,,
,10649,,,,,,24,,,0.37012502551078796,0.8424138426780701,0.8330183625221252,0.6703320741653442,0.07664559036493301
0.00042231715547851083,10650,,,0.00042231715547851083,,0.00042231715547851083,,,,,,,,
,11075,0.184932678937912,0.7812885046005249,,0.9262938499450684,,25,0.8802153468132019,0.09554189443588257,,,,,
,11075,,,,,,25,,,0.3763235807418823,0.8395037651062012,0.8290035724639893,0.6663047671318054,0.07609931379556656
0.0004312288519831068,11076,,,0.0004312288519831068,,0.0004312288519831068,,,,,,,,
,11501,0.1863124668598175,0.7820760607719421,,0.9298098087310791,,26,0.877638578414917,0.09995249658823013,,,,,
,11501,,,,,,26,,,0.3801311254501343,0.8433130383491516,0.8353832960128784,0.6733591556549072,0.07704745978116989
0.0004397954595443923,11502,,,0.0004397954595443923,,0.0004397954595443923,,,,,,,,
,11927,0.19677582383155823,0.7676682472229004,,0.9090428948402405,,27,0.8608679175376892,0.09477479755878448,,,,,
,11927,,,,,,27,,,0.38480132818222046,0.8393809199333191,0.8292996883392334,0.6662796139717102,0.07646944373846054
0.0004479644029906038,11928,,,0.0004479644029906038,,0.0004479644029906038,,,,,,,,
,12353,0.19284997880458832,0.779629647731781,,0.9274699687957764,,28,0.8767792582511902,0.09926553815603256,,,,,
,12353,,,,,,28,,,0.3885144591331482,0.8402020335197449,0.8307204842567444,0.6677480340003967,0.07674561440944672
0.0004556855477029043,12354,,,0.0004556855477029043,,0.0004556855477029043,,,,,,,,
,12779,0.19159553945064545,0.7840225100517273,,0.9336864352226257,,29,0.8803211450576782,0.10151461511850357,,,,,
,12779,,,,,,29,,,0.38895636796951294,0.8394522070884705,0.8294893503189087,0.6659461855888367,0.07679031044244766
0.0004629115073026653,12780,,,0.0004629115073026653,,0.0004629115073026653,,,,,,,,
,13205,0.19798234105110168,0.77392578125,,0.9217726588249207,,30,0.86605304479599,0.10178327560424805,,,,,
,13205,,,,,,30,,,0.39178696274757385,0.8363328576087952,0.8258159756660461,0.6629456281661987,0.07617679983377457
0.00046959793447218885,13206,,,0.00046959793447218885,,0.00046959793447218885,,,,,,,,
,13631,0.19843967258930206,0.7794274687767029,,0.9278643131256104,,31,0.8736870288848877,0.10130705684423447,,,,,
,13631,,,,,,31,,,0.39390191435813904,0.8380947709083557,0.8281587958335876,0.6649302840232849,0.07664647698402405
0.0004757037931240381,13632,,,0.0004757037931240381,,0.0004757037931240381,,,,,,,,
,14057,0.19176694750785828,0.7826266884803772,,0.9369314908981323,,32,0.8834269642829895,0.10390464216470718,,,,,
,14057,,,,,,32,,,0.3968350291252136,0.8366259336471558,0.8263036012649536,0.6630762219429016,0.07645255327224731
0.0004811916102486128,14058,,,0.0004811916102486128,,0.0004811916102486128,,,,,,,,
,14483,0.19949351251125336,0.7834045886993408,,0.9381157159805298,,33,0.8814007639884949,0.10571306943893433,,,,,
,14483,,,,,,33,,,0.39998960494995117,0.8355648517608643,0.8255128264427185,0.6623672842979431,0.07654676586389542
0.0004860277058943258,14484,,,0.0004860277058943258,,0.0004860277058943258,,,,,,,,
,14909,0.211415633559227,0.7626097798347473,,0.9071046710014343,,34,0.8527334332466125,0.09943302720785141,,,,,
,14909,,,,,,34,,,0.4026777148246765,0.833793044090271,0.8218780755996704,0.6580870151519775,0.07593823969364166
0.00049018239986894,14910,,,0.00049018239986894,,0.00049018239986894,,,,,,,,
,15335,0.19916601479053497,0.7750052809715271,,0.9205482602119446,,35,0.8631247878074646,0.10148323327302933,,,,,
,15335,,,,,,35,,,0.40457069873809814,0.8327715396881104,0.8204017281532288,0.6559787392616272,0.07602690160274506
0.000493630193893495,15336,,,0.000493630193893495,,0.000493630193893495,,,,,,,,
,15761,0.20109333097934723,0.7772670388221741,,0.9282310009002686,,36,0.869195282459259,0.10499982535839081,,,,,
,15761,,,,,,36,,,0.4067613184452057,0.8312453031539917,0.8186488747596741,0.6545144319534302,0.07576882094144821
0.0004963499280909045,15762,,,0.0004963499280909045,,0.0004963499280909045,,,,,,,,
,16187,0.20801383256912231,0.764353334903717,,0.9130576848983765,,37,0.8537243008613586,0.10401887446641922,,,,,
,16187,,,,,,37,,,0.4088774621486664,0.8317232131958008,0.8196452856063843,0.6552559733390808,0.07615575939416885
0.0004983249108488167,16188,,,0.0004983249108488167,,0.0004983249108488167,,,,,,,,
,16613,0.20089134573936462,0.7760748863220215,,0.9338827133178711,,38,0.8744548559188843,0.10861776024103165,,,,,
,16613,,,,,,38,,,0.4105425775051117,0.8309537768363953,0.8189153075218201,0.6542314887046814,0.07632268965244293
0.0004995430212597448,16614,,,0.0004995430212597448,,0.0004995430212597448,,,,,,,,
,17039,0.20802053809165955,0.7744372487068176,,0.9313726425170898,,39,0.8719962239265442,0.10815593600273132,,,,,
,17039,,,,,,39,,,0.412083238363266,0.8335035443305969,0.8236128687858582,0.6589013338088989,0.07741064578294754
0.0004999967835097656,17040,,,0.0004999967835097656,,0.0004999967835097656,,,,,,,,
,17465,0.21401025354862213,0.7643155455589294,,0.9148545265197754,,40,0.8506121635437012,0.10739056766033173,,,,,
,17465,,,,,,40,,,0.41454148292541504,0.8327678442001343,0.8223369717597961,0.6573731899261475,0.07726658880710602
0.0004999628895869443,17466,,,0.0004999628895869443,,0.0004999628895869443,,,,,,,,
,17891,0.20038798451423645,0.7837751507759094,,0.9449292421340942,,41,0.8798305988311768,0.11312630027532578,,,,,
,17891,,,,,,41,,,0.41633397340774536,0.8319229483604431,0.8207951188087463,0.6554840803146362,0.07709170877933502
0.0004998362369836698,17892,,,0.0004998362369836698,,0.0004998362369836698,,,,,,,,
,18317,0.2084953933954239,0.7766965627670288,,0.9321311116218567,,42,0.8666200637817383,0.11047276854515076,,,,,
,18317,,,,,,42,,,0.4181431233882904,0.8305327892303467,0.8186015486717224,0.6531883478164673,0.07674120366573334
0.0004996197138989147,18318,,,0.0004996197138989147,,0.0004996197138989147,,,,,,,,
,18743,0.20888058841228485,0.767182469367981,,0.9214485287666321,,43,0.8569929599761963,0.10936074703931808,,,,,
,18743,,,,,,43,,,0.41883406043052673,0.8296355605125427,0.8179439902305603,0.6529138684272766,0.07666929066181183
0.0004993134034159422,18744,,,0.0004993134034159422,,0.0004993134034159422,,,,,,,,
,19169,0.20587533712387085,0.7726181745529175,,0.9270966053009033,,44,0.8675707578659058,0.10700216889381409,,,,,
,19169,,,,,,44,,,0.4195820689201355,0.8287569284439087,0.8161580562591553,0.6497882604598999,0.07688555121421814
0.0004989174230708318,19170,,,0.0004989174230708318,,0.0004989174230708318,,,,,,,,
,19595,0.20452134311199188,0.7748348116874695,,0.9298139810562134,,45,0.8655873537063599,0.10960295051336288,,,,,
,19595,,,,,,45,,,0.4216246008872986,0.8279520869255066,0.8152130246162415,0.6489177346229553,0.07677821815013885
0.0004984319248073792,19596,,,0.0004984319248073792,,0.0004984319248073792,,,,,,,,
,20021,0.20812007784843445,0.7791191339492798,,0.9378603100776672,,46,0.8738090991973877,0.11139628291130066,,,,,
,20021,,,,,,46,,,0.4230237901210785,0.8269943594932556,0.8149838447570801,0.6490463018417358,0.07696341723203659
0.0004978570949187922,20022,,,0.0004978570949187922,,0.0004978570949187922,,,,,,,,
,20447,0.21150176227092743,0.7686477899551392,,0.9255800843238831,,47,0.8578851819038391,0.11231362074613571,,,,,
,20447,,,,,,47,,,0.4251353442668915,0.82708740234375,0.8141472935676575,0.6473878026008606,0.07690971344709396
0.0004971931539762079,20448,,,0.0004971931539762079,,0.0004971931539762079,,,,,,,,
,20873,0.21645650267601013,0.7679327130317688,,0.9216945171356201,,48,0.8561360239982605,0.1096600741147995,,,,,
,20873,,,,,,48,,,0.4268660247325897,0.8250643610954285,0.8118695616722107,0.6448955535888672,0.07688956707715988
0.000496440356744056,20874,,,0.000496440356744056,,0.000496440356744056,,,,,,,,
,21299,0.21601243317127228,0.7588752508163452,,0.9120047092437744,,49,0.8480948805809021,0.10851965099573135,,,,,
,21299,,,,,,49,,,0.42927348613739014,0.8258339762687683,0.8135595321655273,0.6465307474136353,0.07737721502780914
0.0004955989920823012,21300,,,0.0004955989920823012,,0.0004955989920823012,,,,,,,,
,21725,0.21571503579616547,0.7713035941123962,,0.9271141886711121,,50,0.8584867715835571,0.11221907287836075,,,,,
,21725,,,,,,50,,,0.4302496016025543,0.8252601623535156,0.8125911355018616,0.6452221870422363,0.07734993100166321
0.0004946693828356039,21726,,,0.0004946693828356039,,0.0004946693828356039,,,,,,,,
,22151,0.20979391038417816,0.7777205109596252,,0.9398988485336304,,51,0.8707834482192993,0.1156468614935875,,,,,
,22151,,,,,,51,,,0.4327485263347626,0.8243487477302551,0.8117179870605469,0.6443870663642883,0.07735008001327515
0.0004936518857094396,22152,,,0.0004936518857094396,,0.0004936518857094396,,,,,,,,
,22577,0.21197913587093353,0.7695115208625793,,0.9256094694137573,,52,0.8618097901344299,0.10994885861873627,,,,,
,22577,,,,,,52,,,0.43412336707115173,0.8236300945281982,0.8111358880996704,0.6436018943786621,0.07751976698637009
0.0004925468911332247,22578,,,0.0004925468911332247,,0.0004925468911332247,,,,,,,,
,23003,0.21089230477809906,0.781868577003479,,0.9440978169441223,,53,0.8749889731407166,0.11566904187202454,,,,,
,23003,,,,,,53,,,0.4361149072647095,0.8211694359779358,0.8074719905853271,0.639650821685791,0.07706166058778763
0.0004913548231105036,23004,,,0.0004913548231105036,,0.0004913548231105036,,,,,,,,
,23429,0.21828022599220276,0.7715320587158203,,0.9326325058937073,,54,0.862576425075531,0.115578293800354,,,,,
,23429,,,,,,54,,,0.43800684809684753,0.819805920124054,0.8050506114959717,0.6363227963447571,0.07698628306388855
0.0004900761390562515,23430,,,0.0004900761390562515,,0.0004900761390562515,,,,,,,,
,23855,0.21941739320755005,0.7625055313110352,,0.9206491708755493,,55,0.8473678231239319,0.1157124787569046,,,,,
,23855,,,,,,55,,,0.43942493200302124,0.8215892314910889,0.8087155222892761,0.6406347751617432,0.07760360836982727
0.0004887113296213573,23856,,,0.0004887113296213573,,0.0004887113296213573,,,,,,,,
,24281,0.21694119274616241,0.7670789361000061,,0.9253019690513611,,56,0.8546348214149475,0.11444514244794846,,,,,
,24281,,,,,,56,,,0.44185179471969604,0.8215417861938477,0.8084306120872498,0.639954686164856,0.07768233120441437
0.0004872609185043533,24282,,,0.0004872609185043533,,0.0004872609185043533,,,,,,,,
,24707,0.213004931807518,0.7750180959701538,,0.9335803985595703,,57,0.861990213394165,0.1150762215256691,,,,,
,24707,,,,,,57,,,0.44250452518463135,0.8202328681945801,0.806836724281311,0.6382027864456177,0.0776185467839241
0.0004857254622504637,24708,,,0.0004857254622504637,,0.0004857254622504637,,,,,,,,
,25133,0.21550217270851135,0.7713326215744019,,0.9323743581771851,,58,0.8607468605041504,0.11633454263210297,,,,,
,25133,,,,,,58,,,0.4436378479003906,0.8217834234237671,0.8086128830909729,0.6396051049232483,0.07791868597269058
0.00048410555003805013,25134,,,0.00048410555003805013,,0.00048410555003805013,,,,,,,,
,25559,0.21442803740501404,0.772521436214447,,0.9363918304443359,,59,0.8649129867553711,0.11767460405826569,,,,,
,25559,,,,,,59,,,0.44498518109321594,0.8204694390296936,0.8071072697639465,0.6382728219032288,0.07773613184690475
0.0004824018034525339,25560,,,0.0004824018034525339,,0.0004824018034525339,,,,,,,,
,25985,0.21831007301807404,0.7721612453460693,,0.9352635741233826,,60,0.8597959876060486,0.11928500980138779,,,,,
,25985,,,,,,60,,,0.447325736284256,0.8216133713722229,0.8094133734703064,0.6404998898506165,0.07835690677165985
0.0004806148762478851,25986,,,0.0004806148762478851,,0.0004806148762478851,,,,,,,,
,26411,0.2200581282377243,0.7620571851730347,,0.9255057573318481,,61,0.8533557653427124,0.1177993193268776,,,,,
,26411,,,,,,61,,,0.4504224956035614,0.8193851709365845,0.8063238263130188,0.6369883418083191,0.07813699543476105
0.00047874545409576624,26412,,,0.00047874545409576624,,0.00047874545409576624,,,,,,,,
,26837,0.220681294798851,0.7672918438911438,,0.9306231141090393,,62,0.8507043719291687,0.12162499129772186,,,,,
,26837,,,,,,62,,,0.45293912291526794,0.8181319236755371,0.8049930334091187,0.6354331970214844,0.07821039110422134
0.00047679425432242965,26838,,,0.00047679425432242965,,0.00047679425432242965,,,,,,,,
,27263,0.2187589854001999,0.7693974375724792,,0.9292796850204468,,63,0.8542628884315491,0.11744952946901321,,,,,
,27263,,,,,,63,,,0.4558442533016205,0.8220709562301636,0.8105862140655518,0.6405929923057556,0.07925420999526978
0.00047476202563346854,27264,,,0.00047476202563346854,,0.00047476202563346854,,,,,,,,
,27689,0.2177100032567978,0.7715360522270203,,0.9421000480651855,,64,0.8657167553901672,0.12347368150949478,,,,,
,27689,,,,,,64,,,0.4590310752391815,0.8201472163200378,0.8082675933837891,0.6376194357872009,0.07938423752784729
0.00047264954782652677,27690,,,0.00047264954782652677,,0.00047264954782652677,,,,,,,,
,28115,0.2160157412290573,0.7710297703742981,,0.9386124014854431,,65,0.8624827265739441,0.12185616791248322,,,,,
,28115,,,,,,65,,,0.4604834318161011,0.8173220157623291,0.8049299716949463,0.6340240240097046,0.07925691455602646
0.0004704576314920782,28116,,,0.0004704576314920782,,0.0004704576314920782,,,,,,,,
,28541,0.21252644062042236,0.7704607844352722,,0.9371498227119446,,66,0.8577627539634705,0.1230381578207016,,,,,
,28541,,,,,,66,,,0.4616081118583679,0.8169310092926025,0.8050292730331421,0.6340950727462769,0.07951614260673523
0.00046818711770239135,28542,,,0.00046818711770239135,,0.00046818711770239135,,,,,,,,
,28967,0.2239687442779541,0.767005205154419,,0.9287710785865784,,67,0.8461139798164368,0.1222115233540535,,,,,
,28967,,,,,,67,,,0.46241477131843567,0.8178362846374512,0.8058454394340515,0.6344910264015198,0.07968159019947052
0.0004658388776887961,28968,,,0.0004658388776887961,,0.0004658388776887961,,,,,,,,
,29393,0.2243136614561081,0.7666183710098267,,0.9321381449699402,,68,0.8510628938674927,0.12329748272895813,,,,,
,29393,,,,,,68,,,0.4636602997779846,0.815310001373291,0.8025307655334473,0.6311090588569641,0.0793212428689003
0.00046341381250737906,29394,,,0.00046341381250737906,,0.00046341381250737906,,,,,,,,
,29819,0.2187524139881134,0.7746681571006775,,0.9421967267990112,,69,0.8674985766410828,0.12111332267522812,,,,,
,29819,,,,,,69,,,0.4649059772491455,0.8170992136001587,0.8046680688858032,0.6327096819877625,0.07976359128952026
0.00046091285269323444,29820,,,0.00046091285269323444,,0.00046091285269323444,,,,,,,,
,30245,0.22141411900520325,0.7718871831893921,,0.9401692748069763,,70,0.8610947728157043,0.12367826700210571,,,,,
,30245,,,,,,70,,,0.46562933921813965,0.8150243163108826,0.8029856085777283,0.6308673024177551,0.08003999292850494
0.00045833695790340346,30246,,,0.00045833695790340346,,0.00045833695790340346,,,,,,,,
,30671,0.22185397148132324,0.7662606239318848,,0.9337495565414429,,71,0.855036199092865,0.12310123443603516,,,,,
,30671,,,,,,71,,,0.46728137135505676,0.8161205053329468,0.8042948246002197,0.6315534710884094,0.08045779168605804
0.00045568711654863855,30672,,,0.00045568711654863855,,0.00045568711654863855,,,,,,,,
,31097,0.216144397854805,0.7800805568695068,,0.9536280632019043,,72,0.8757032752037048,0.12573610246181488,,,,,
,31097,,,,,,72,,,0.46886083483695984,0.8164772391319275,0.80484539270401,0.6317198276519775,0.0807468593120575
0.00045296434541413526,31098,,,0.00045296434541413526,,0.00045296434541413526,,,,,,,,
,31523,0.23017993569374084,0.7681191563606262,,0.9374483227729797,,73,0.8562626838684082,0.12525738775730133,,,,,
,31523,,,,,,73,,,0.46948733925819397,0.8165441155433655,0.8052968978881836,0.6323785781860352,0.08083552867174149
0.000450169689269376,31524,,,0.000450169689269376,,0.000450169689269376,,,,,,,,
,31949,0.21974894404411316,0.7728487849235535,,0.9425119161605835,,74,0.8586965799331665,0.12673918902873993,,,,,
,31949,,,,,,74,,,0.4707712233066559,0.8132769465446472,0.8011490106582642,0.6278578639030457,0.0805814117193222
0.00044730422046723544,31950,,,0.00044730422046723544,,0.00044730422046723544,,,,,,,,
,32375,0.22437722980976105,0.7722153067588806,,0.9422388672828674,,75,0.8618000149726868,0.1252312958240509,,,,,
,32375,,,,,,75,,,0.47157126665115356,0.8147083520889282,0.8029245734214783,0.6289694905281067,0.081085704267025
0.00044436903853250283,32376,,,0.00044436903853250283,,0.00044436903853250283,,,,,,,,
,32801,0.22135479748249054,0.7641931772232056,,0.9299678802490234,,76,0.8456200957298279,0.12506119906902313,,,,,
,32801,,,,,,76,,,0.473034143447876,0.8139201402664185,0.8021271228790283,0.6283648610115051,0.0809849351644516
0.0004413652697399763,32802,,,0.0004413652697399763,,0.0004413652697399763,,,,,,,,
,33227,0.2120206356048584,0.7810834646224976,,0.9553478956222534,,77,0.876018762588501,0.12679679691791534,,,,,
,33227,,,,,,77,,,0.4744577705860138,0.8133057355880737,0.8008544445037842,0.6268994808197021,0.08075200021266937
0.00043829406668229466,33228,,,0.00043829406668229466,,0.00043829406668229466,,,,,,,,
,33653,0.2221352458000183,0.7767895460128784,,0.9502723217010498,,78,0.8697371482849121,0.12700912356376648,,,,,
,33653,,,,,,78,,,0.4755968749523163,0.812376081943512,0.8005523681640625,0.6269994378089905,0.08086466789245605
0.0004351566078276691,33654,,,0.0004351566078276691,,0.0004351566078276691,,,,,,,,
,34079,0.2203301340341568,0.780657947063446,,0.9536350965499878,,79,0.8742356300354004,0.12618838250637054,,,,,
,34079,,,,,,79,,,0.4777663052082062,0.8113007545471191,0.7985090017318726,0.6246216297149658,0.08054760098457336
0.00043195409706768713,34080,,,0.00043195409706768713,,0.00043195409706768713,,,,,,,,
,34505,0.21757999062538147,0.7718004584312439,,0.9387589693069458,,80,0.8576503992080688,0.12403354048728943,,,,,
,34505,,,,,,80,,,0.47782906889915466,0.8114739060401917,0.7983877062797546,0.6246232390403748,0.08033911138772964
0.0004286877632553606,34506,,,0.0004286877632553606,,0.0004286877632553606,,,,,,,,
,34931,0.21699371933937073,0.7769517302513123,,0.9486398100852966,,81,0.8665494322776794,0.12688928842544556,,,,,
,34931,,,,,,81,,,0.4781527817249298,0.8128485083580017,0.8000670075416565,0.6261866092681885,0.08054953068494797
0.0004253588597335953,34932,,,0.0004253588597335953,,0.0004253588597335953,,,,,,,,
,35357,0.21187007427215576,0.7795454263687134,,0.9521087408065796,,82,0.8726149201393127,0.12602855265140533,,,,,
,35357,,,,,,82,,,0.4783073365688324,0.8129410743713379,0.8004112243652344,0.6263925433158875,0.08074433356523514
0.00042196866385426463,35358,,,0.00042196866385426463,,0.00042196866385426463,,,,,,,,
,35783,0.22060155868530273,0.7588518857955933,,0.9260017275810242,,83,0.8484676480293274,0.12234202027320862,,,,,
,35783,,,,,,83,,,0.4785008132457733,0.8109329342842102,0.7973177433013916,0.6235163807868958,0.08009317517280579
0.0004185184764880695,35784,,,0.0004185184764880695,,0.0004185184764880695,,,,,,,,
,36209,0.2180566042661667,0.7684380412101746,,0.9368073344230652,,84,0.8586496710777283,0.12326343357563019,,,,,
,36209,,,,,,84,,,0.4781692326068878,0.8141219019889832,0.8020614981651306,0.628942608833313,0.08052925765514374
0.00041500962152537385,36210,,,0.00041500962152537385,,0.00041500962152537385,,,,,,,,
,36635,0.21405035257339478,0.7742992043495178,,0.9463835954666138,,85,0.8622344732284546,0.12811674177646637,,,,,
,36635,,,,,,85,,,0.4790714979171753,0.8102712631225586,0.7966923713684082,0.6232775449752808,0.0799180343747139
0.00041144344536820786,36636,,,0.00041144344536820786,,0.00041144344536820786,,,,,,,,
,37061,0.22001871466636658,0.7678520679473877,,0.9409554600715637,,86,0.8607975244522095,0.12663067877292633,,,,,
,37061,,,,,,86,,,0.478525310754776,0.8127070665359497,0.7996019124984741,0.626204788684845,0.08014602959156036
0.0004078213164136321,37062,,,0.0004078213164136321,,0.0004078213164136321,,,,,,,,
,37487,0.2186540961265564,0.7733594179153442,,0.9419167637825012,,87,0.8619142770767212,0.12428000569343567,,,,,
,37487,,,,,,87,,,0.4785029888153076,0.8117685317993164,0.7979960441589355,0.6245198845863342,0.07985161989927292
0.0004041446245286631,37488,,,0.0004041446245286631,,0.0004041446245286631,,,,,,,,
,37913,0.21967455744743347,0.7629294991493225,,0.9276092648506165,,88,0.8460759520530701,0.12310653924942017,,,,,
,37913,,,,,,88,,,0.4784536063671112,0.8132737278938293,0.8000358939170837,0.6267381906509399,0.08002976328134537
0.0004004147805169591,37914,,,0.0004004147805169591,,0.0004004147805169591,,,,,,,,
,38339,0.21915310621261597,0.7645266652107239,,0.9267104864120483,,89,0.8464057445526123,0.12124429643154144,,,,,
,38339,,,,,,89,,,0.4787577986717224,0.8119432926177979,0.7983018755912781,0.6252123713493347,0.07972393184900284
0.00039663321557747316,38340,,,0.00039663321557747316,,0.00039663321557747316,,,,,,,,
,38765,0.21303296089172363,0.7683083415031433,,0.9410916566848755,,90,0.8624337315559387,0.12572069466114044,,,,,
,38765,,,,,,90,,,0.47926807403564453,0.8093985915184021,0.794653058052063,0.6215793490409851,0.0791640430688858
0.0003928013807552801,38766,,,0.0003928013807552801,,0.0003928013807552801,,,,,,,,
,39191,0.22151939570903778,0.7604445815086365,,0.9273557066917419,,91,0.8511630296707153,0.12155196070671082,,,,,
,39191,,,,,,91,,,0.4792931079864502,0.8109652400016785,0.7962788939476013,0.6232255697250366,0.07918350398540497
0.0003889207463847876,39192,,,0.0003889207463847876,,0.0003889207463847876,,,,,,,,
,39617,0.22189658880233765,0.757176399230957,,0.9199932217597961,,92,0.8419626355171204,0.12042374908924103,,,,,
,39617,,,,,,92,,,0.4792208671569824,0.810943603515625,0.7963813543319702,0.6236522793769836,0.0790834054350853
0.00038499280152554647,39618,,,0.00038499280152554647,,0.00038499280152554647,,,,,,,,
,40043,0.2149803787469864,0.7673168182373047,,0.9365516901016235,,93,0.8557409048080444,0.1250227689743042,,,,,
,40043,,,,,,93,,,0.48028936982154846,0.8091965913772583,0.7930344939231873,0.6196714639663696,0.07860023528337479
0.0003810190533908753,40044,,,0.0003810190533908753,,0.0003810190533908753,,,,,,,,
,40469,0.2174701988697052,0.7557871341705322,,0.9173644185066223,,94,0.8372592926025391,0.12084122747182846,,,,,
,40469,,,,,,94,,,0.4799133837223053,0.8109613656997681,0.796107828617096,0.623263955116272,0.07899539917707443
0.0003770010267695191,40470,,,0.0003770010267695191,,0.0003770010267695191,,,,,,,,
,40895,0.21216867864131927,0.78117835521698,,0.9574061036109924,,95,0.8817164301872253,0.12595874071121216,,,,,
,40895,,,,,,95,,,0.47955983877182007,0.8110012412071228,0.7960494756698608,0.623382568359375,0.07885754108428955
0.0003729402634405647,40896,,,0.0003729402634405647,,0.0003729402634405647,,,,,,,,
,41321,0.21805517375469208,0.7738183736801147,,0.9422212243080139,,96,0.8642349243164062,0.12319456040859222,,,,,
,41321,,,,,,96,,,0.4792994558811188,0.8104863166809082,0.7958949208259583,0.6235684156417847,0.07886750996112823
0.00036883832158183594,41322,,,0.00036883832158183594,,0.00036883832158183594,,,,,,,,
,41747,0.21275003254413605,0.7802151441574097,,0.955690324306488,,97,0.8813222050666809,0.12492174655199051,,,,,
,41747,,,,,,97,,,0.4792332947254181,0.8123401999473572,0.7980353236198425,0.6258548498153687,0.07893764972686768
0.00036469677517199665,41748,,,0.00036469677517199665,,0.00036469677517199665,,,,,,,,
,42173,0.20766158401966095,0.7818552851676941,,0.9564507007598877,,98,0.8831788897514343,0.1239335760474205,,,,,
,42173,,,,,,98,,,0.47922083735466003,0.8097888231277466,0.7941347360610962,0.6218382120132446,0.07832124084234238
0.0003605172133865907,42174,,,0.0003605172133865907,,0.0003605172133865907,,,,,,,,
,42599,0.2135423868894577,0.7745198607444763,,0.9405645132064819,,99,0.86149001121521,0.12255952507257462,,,,,
,42599,,,,,,99,,,0.4792752265930176,0.8098087310791016,0.7941516041755676,0.6219162940979004,0.07828913629055023
0.0003563012399882509,42600,,,0.0003563012399882509,,0.0003563012399882509,,,,,,,,
,43025,0.21336320042610168,0.7676078081130981,,0.9329186081886292,,100,0.8590531349182129,0.11958814412355423,,,,,
,43025,,,,,,100,,,0.4801066219806671,0.8076550960540771,0.7907633185386658,0.6183348298072815,0.07776866108179092
0.0003520504727113101,43026,,,0.0003520504727113101,,0.0003520504727113101,,,,,,,,
,43451,0.21448540687561035,0.7705662846565247,,0.938704788684845,,101,0.8614352345466614,0.12270405888557434,,,,,
,43451,,,,,,101,,,0.47945520281791687,0.8079876899719238,0.7913480401039124,0.6193644404411316,0.07767200469970703
0.00034776654264105156,43452,,,0.00034776654264105156,,0.00034776654264105156,,,,,,,,
,43877,0.2084999978542328,0.7748602032661438,,0.9513749480247498,,102,0.8780214786529541,0.12493415921926498,,,,,
,43877,,,,,,102,,,0.4796757698059082,0.8090697526931763,0.7933595776557922,0.6216554641723633,0.07799707353115082
0.0003434510935878364,43878,,,0.0003434510935878364,,0.0003434510935878364,,,,,,,,
,44303,0.2132153958082199,0.7695714235305786,,0.9364219307899475,,103,0.8625205755233765,0.12037593871355057,,,,,
,44303,,,,,,103,,,0.4801826775074005,0.8066709041595459,0.7891489267349243,0.61678147315979,0.07742250710725784
0.00033910578145634833,44304,,,0.00033910578145634833,,0.00033910578145634833,,,,,,,,
,44729,0.20730642974376678,0.7719205021858215,,0.942889928817749,,104,0.8695330023765564,0.12216312438249588,,,,,
,44729,,,,,,104,,,0.4792618155479431,0.8076741099357605,0.7912746667861938,0.6197383403778076,0.07756831496953964
0.00033473227361019626,44730,,,0.00033473227361019626,,0.00033473227361019626,,,,,,,,
,45155,0.21036332845687866,0.7795493602752686,,0.9485136270523071,,105,0.8692765235900879,0.1241006925702095,,,,,
,45155,,,,,,105,,,0.4788925349712372,0.808327853679657,0.7915078997612,0.6197063326835632,0.07749076932668686
0.0003303322482321224,45156,,,0.0003303322482321224,,0.0003303322482321224,,,,,,,,
,45581,0.20977821946144104,0.774245023727417,,0.9396156072616577,,106,0.8630563020706177,0.1209649071097374,,,,,
,45581,,,,,,106,,,0.4795798063278198,0.8069368600845337,0.7890982031822205,0.6169420480728149,0.07715880125761032
0.0003259073936800566,45582,,,0.0003259073936800566,,0.0003259073936800566,,,,,,,,
,46007,0.21089312434196472,0.7703375816345215,,0.9400777220726013,,107,0.8663240671157837,0.12174694985151291,,,,,
,46007,,,,,,107,,,0.47959449887275696,0.8078027367591858,0.7907364368438721,0.6187003254890442,0.07748475670814514
0.00032145940783926796,46008,,,0.00032145940783926796,,0.00032145940783926796,,,,,,,,
,46433,0.2129315882921219,0.7694478034973145,,0.9360231161117554,,108,0.8565258383750916,0.12303630262613297,,,,,
,46433,,,,,,108,,,0.4797787368297577,0.8075781464576721,0.7907134294509888,0.6190801858901978,0.07738415151834488
0.0003169899974708591,46434,,,0.0003169899974708591,,0.0003169899974708591,,,,,,,,
,46859,0.2154116928577423,0.7627012133598328,,0.9242883324623108,,109,0.8478507399559021,0.11901232600212097,,,,,
,46859,,,,,,109,,,0.47997668385505676,0.8051784038543701,0.7871183156967163,0.6152018308639526,0.07692824304103851
0.00031250087755685624,46860,,,0.00031250087755685624,,0.00031250087755685624,,,,,,,,
,47285,0.2123079150915146,0.7710142731666565,,0.9368997812271118,,110,0.8628206253051758,0.1199822723865509,,,,,
,47285,,,,,,110,,,0.4793146550655365,0.807489275932312,0.7901406288146973,0.6182913780212402,0.07725026458501816
0.00030799377064214364,47286,,,0.00030799377064214364,,0.00030799377064214364,,,,,,,,
,47711,0.21579612791538239,0.7603846192359924,,0.9255132675170898,,111,0.8485960364341736,0.12102291733026505,,,,,
,47711,,,,,,111,,,0.4794709384441376,0.8068436980247498,0.7891521453857422,0.6169428825378418,0.07725866138935089
0.00030347040617349644,47712,,,0.00030347040617349644,,0.00030347040617349644,,,,,,,,
,48137,0.21367362141609192,0.7665992379188538,,0.9321788549423218,,112,0.8548290729522705,0.12146465480327606,,,,,
,48137,,,,,,112,,,0.479530930519104,0.8062301874160767,0.7883613705635071,0.6166993975639343,0.07689676433801651
0.0002989325198359651,48138,,,0.0002989325198359651,,0.0002989325198359651,,,,,,,,
,48563,0.2140812873840332,0.7706924080848694,,0.937386691570282,,113,0.8598055243492126,0.1221376359462738,,,,,
,48563,,,,,,113,,,0.4799530506134033,0.8035499453544617,0.7846800684928894,0.6128913760185242,0.07645948976278305
0.0002943818528868664,48564,,,0.0002943818528868664,,0.0002943818528868664,,,,,,,,
,48989,0.21381022036075592,0.765722393989563,,0.9293621182441711,,114,0.8490554690361023,0.1219731867313385,,,,,
,48989,,,,,,114,,,0.47942838072776794,0.805540144443512,0.7869844436645508,0.6154487729072571,0.07648999989032745
0.0002898201514876361,48990,,,0.0002898201514876361,,0.0002898201514876361,,,,,,,,
,49415,0.21982812881469727,0.7545944452285767,,0.9153267741203308,,115,0.8401391506195068,0.11795997619628906,,,,,
,49415,,,,,,115,,,0.47875702381134033,0.8033447265625,0.7835731506347656,0.611478865146637,0.07616136968135834
0.0002852491660337988,49416,,,0.0002852491660337988,,0.0002852491660337988,,,,,,,,
,49841,0.20576542615890503,0.7798653244972229,,0.946499764919281,,116,0.871025800704956,0.12105416506528854,,,,,
,49841,,,,,,116,,,0.4785657525062561,0.805259108543396,0.786489725112915,0.6152364611625671,0.07624185085296631
0.00028067065048331533,49842,,,0.00028067065048331533,,0.00028067065048331533,,,,,,,,
,50267,0.21158018708229065,0.7699238657951355,,0.9381043910980225,,117,0.861732006072998,0.12227649241685867,,,,,
,50267,,,,,,117,,,0.47769707441329956,0.8079467415809631,0.7898690700531006,0.6185328364372253,0.076629139482975
0.00027608636168356107,50268,,,0.00027608636168356107,,0.00027608636168356107,,,,,,,,
,50693,0.20662032067775726,0.7736031413078308,,0.9439624547958374,,118,0.8664737343788147,0.12392398715019226,,,,,
,50693,,,,,,118,,,0.47796741127967834,0.805512011051178,0.7866548895835876,0.6155081987380981,0.07614479959011078
0.00027149805869719663,50694,,,0.00027149805869719663,,0.00027149805869719663,,,,,,,,
,51119,0.210487499833107,0.7693974375724792,,0.9311354756355286,,119,0.853527307510376,0.11967314034700394,,,,,
,51119,,,,,,119,,,0.47784048318862915,0.8048499822616577,0.7854987978935242,0.6143537759780884,0.07589717209339142
0.00026690750212718834,51120,,,0.00026690750212718834,,0.00026690750212718834,,,,,,,,
,51545,0.20998942852020264,0.7681430578231812,,0.9313981533050537,,120,0.8530073165893555,0.1208229586482048,,,,,
,51545,,,,,,120,,,0.47745299339294434,0.804894745349884,0.784999668598175,0.6136331558227539,0.07573584467172623
0.00026231645344123737,51546,,,0.00026231645344123737,,0.00026231645344123737,,,,,,,,
,51971,0.21161150932312012,0.7560333609580994,,0.9202006459236145,,121,0.843982994556427,0.12019238620996475,,,,,
,51971,,,,,,121,,,0.476797878742218,0.8039048314094543,0.7839433550834656,0.612842857837677,0.07556944340467453
0.00025772667429587755,51972,,,0.00025772667429587755,,0.00025772667429587755,,,,,,,,
,52397,0.21006347239017487,0.7742300033569336,,0.9439159035682678,,122,0.8683338761329651,0.12263399362564087,,,,,
,52397,,,,,,122,,,0.4767216145992279,0.8031591773033142,0.7831281423568726,0.6123017072677612,0.07539766281843185
0.0002531399258605,52398,,,0.0002531399258605,,0.0002531399258605,,,,,,,,
,52823,0.21345752477645874,0.7532850503921509,,0.9134572148323059,,123,0.8376472592353821,0.11799114942550659,,,,,
,52823,,,,,,123,,,0.47684288024902344,0.8037010431289673,0.7832026481628418,0.6120725870132446,0.07531607896089554
0.000248557968141566,52824,,,0.000248557968141566,,0.000248557968141566,,,,,,,,
,53249,0.21022836863994598,0.7670227885246277,,0.9322855472564697,,124,0.8560733795166016,0.12073749303817749,,,,,
,53249,,,,,,124,,,0.477042019367218,0.8037952184677124,0.7832971215248108,0.6122604608535767,0.07526924461126328
0.0002439825593072641,53250,,,0.0002439825593072641,,0.0002439825593072641,,,,,,,,
,53675,0.20929846167564392,0.7724393010139465,,0.9390660524368286,,125,0.857876718044281,0.12390805780887604,,,,,
,53675,,,,,,125,,,0.47774139046669006,0.8026367425918579,0.7820258736610413,0.6113130450248718,0.07505088299512863
0.00023941545501287453,53676,,,0.00023941545501287453,,0.00023941545501287453,,,,,,,,
,54101,0.20952261984348297,0.7715228199958801,,0.9357395172119141,,126,0.8609790205955505,0.11948863416910172,,,,,
,54101,,,,,,126,,,0.47755977511405945,0.8035389184951782,0.782754123210907,0.6119579672813416,0.07500571757555008
0.00023485840772709715,54102,,,0.00023485840772709715,,0.00023485840772709715,,,,,,,,
,54527,0.20853912830352783,0.7720779180526733,,0.9400725960731506,,127,0.8597620725631714,0.12415260076522827,,,,,
,54527,,,,,,127,,,0.47695040702819824,0.8031372427940369,0.7827436923980713,0.612552285194397,0.07489866018295288
0.00023031316605960127,54528,,,0.00023031316605960127,,0.00023031316605960127,,,,,,,,
,54953,0.2065964639186859,0.7734714150428772,,0.9419976472854614,,128,0.8686451315879822,0.12093935161828995,,,,,
,54953,,,,,,128,,,0.47647374868392944,0.8037459254264832,0.7825573682785034,0.6118641495704651,0.07475221157073975
0.00022578147409005783,54954,,,0.00022578147409005783,,0.00022578147409005783,,,,,,,,
,55379,0.2127923220396042,0.7603366374969482,,0.9191486835479736,,129,0.8444372415542603,0.11676178127527237,,,,,
,55379,,,,,,129,,,0.4761661887168884,0.804587721824646,0.7836331725120544,0.6133333444595337,0.07467232644557953
0.00022126507069890856,55380,,,0.00022126507069890856,,0.00022126507069890856,,,,,,,,
,55805,0.21100284159183502,0.7551180720329285,,0.9134525060653687,,130,0.8364300727844238,0.11767841875553131,,,,,
,55805,,,,,,130,,,0.47613218426704407,0.8032156229019165,0.7813894152641296,0.6110462546348572,0.07425865530967712
0.00021676568890013063,55806,,,0.00021676568890013063,,0.00021676568890013063,,,,,,,,
,56231,0.2096613496541977,0.7633440494537354,,0.9244980812072754,,131,0.844089150428772,0.1207815408706665,,,,,
,56231,,,,,,131,,,0.4756811559200287,0.8036155700683594,0.7827693819999695,0.6132797598838806,0.0743216872215271
0.00021228505517625264,56232,,,0.00021228505517625264,,0.00021228505517625264,,,,,,,,
,56657,0.20616893470287323,0.7734295129776001,,0.9379826188087463,,132,0.8617201447486877,0.1204078197479248,,,,,
,56657,,,,,,132,,,0.47525137662887573,0.8032671213150024,0.7816097736358643,0.6116730570793152,0.07413957267999649
0.000207824888815876,56658,,,0.000207824888815876,,0.000207824888815876,,,,,,,,
,57083,0.20562675595283508,0.7678769826889038,,0.93509441614151,,133,0.8616580367088318,0.12032690644264221,,,,,
,57083,,,,,,133,,,0.47517451643943787,0.8027639985084534,0.7805641293525696,0.610460102558136,0.07395192980766296
0.00020338690125395778,57084,,,0.00020338690125395778,,0.00020338690125395778,,,,,,,,
,57509,0.20939761400222778,0.7631881237030029,,0.9246395826339722,,134,0.8496325612068176,0.1182292178273201,,,,,
,57509,,,,,,134,,,0.4754101037979126,0.8008180856704712,0.7770789861679077,0.6065965890884399,0.07337182760238647
0.00019897279541510634,57510,,,0.00019897279541510634,,0.00019897279541510634,,,,,,,,
,57935,0.20994186401367188,0.7521625757217407,,0.9149138927459717,,135,0.8426479697227478,0.11750856041908264,,,,,
,57935,,,,,,135,,,0.47454723715782166,0.8017966747283936,0.7789928913116455,0.6091856956481934,0.073501817882061
0.00019458426506014246,57936,,,0.00019458426506014246,,0.00019458426506014246,,,,,,,,
,58361,0.2063097059726715,0.7562151551246643,,0.9152958989143372,,136,0.8399041891098022,0.11723629385232925,,,,,
,58361,,,,,,136,,,0.4737586975097656,0.8030920624732971,0.780661940574646,0.6113318800926208,0.0734497681260109
0.0001902229941361779,58362,,,0.0001902229941361779,,0.0001902229941361779,,,,,,,,
,58787,0.20293059945106506,0.7679434418678284,,0.9286616444587708,,137,0.8502852916717529,0.11954720318317413,,,,,
,58787,,,,,,137,,,0.4740055501461029,0.8017302751541138,0.7781723141670227,0.6085008382797241,0.07305680960416794
0.0001858906561304577,58788,,,0.0001858906561304577,,0.0001858906561304577,,,,,,,,
,59213,0.20225265622138977,0.7622592449188232,,0.924899160861969,,138,0.8484761118888855,0.11953146010637283,,,,,
,59213,,,,,,138,,,0.4742450416088104,0.7991889715194702,0.7750965356826782,0.606033980846405,0.07248512655496597
0.00018158891342821823,59214,,,0.00018158891342821823,,0.00018158891342821823,,,,,,,,
,59639,0.20325535535812378,0.773042619228363,,0.9356973767280579,,139,0.8631414771080017,0.11760532110929489,,,,,
,59639,,,,,,139,,,0.4733489453792572,0.800959050655365,0.7772992253303528,0.6080920696258545,0.07277358323335648
0.00017731941667480355,59640,,,0.00017731941667480355,,0.00017731941667480355,,,,,,,,
,60065,0.20556150376796722,0.7619993090629578,,0.9189895391464233,,140,0.8476395010948181,0.11417008936405182,,,,,
,60065,,,,,,140,,,0.47304049134254456,0.8014134168624878,0.7781251072883606,0.6095393300056458,0.0726488009095192
0.00017308380414228735,60066,,,0.00017308380414228735,,0.00017308380414228735,,,,,,,,
,60491,0.20459119975566864,0.7665738463401794,,0.9246147274971008,,141,0.8524882197380066,0.11508376896381378,,,,,
,60491,,,,,,141,,,0.4732585847377777,0.7994049787521362,0.775176465511322,0.6063413619995117,0.07230328023433685
0.0001688837011008428,60492,,,0.0001688837011008428,,0.0001688837011008428,,,,,,,,
,60917,0.2053445279598236,0.7605500221252441,,0.92000412940979,,142,0.8473884463310242,0.11603491753339767,,,,,
,60917,,,,,,142,,,0.47344592213630676,0.80033940076828,0.7754676342010498,0.606259822845459,0.07216808199882507
0.00016472071919510067,60918,,,0.00016472071919510067,,0.00016472071919510067,,,,,,,,
,61343,0.20360137522220612,0.760208785533905,,0.9169520735740662,,143,0.8433284163475037,0.11518339812755585,,,,,
,61343,,,,,,143,,,0.4731098413467407,0.8019344210624695,0.7771807312965393,0.6079089045524597,0.07225904613733292
0.00016059645582573707,61344,,,0.00016059645582573707,,0.00016059645582573707,,,,,,,,
,61769,0.20257307589054108,0.76197350025177,,0.9214131832122803,,144,0.8495200872421265,0.11566642671823502,,,,,
,61769,,,,,,144,,,0.47321757674217224,0.8002852201461792,0.7752222418785095,0.6064187288284302,0.07187027484178543
0.00015651249353652543,61770,,,0.00015651249353652543,,0.00015651249353652543,,,,,,,,
,62195,0.20097893476486206,0.7671884894371033,,0.9277887344360352,,145,0.854006826877594,0.11719108372926712,,,,,
,62195,,,,,,145,,,0.47245532274246216,0.8007954955101013,0.7763770818710327,0.6082465648651123,0.0718560740351677
0.00015247039940709,62196,,,0.00015247039940709,,0.00015247039940709,,,,,,,,
,62621,0.20461790263652802,0.7514087557792664,,0.9082805514335632,,146,0.8387430906295776,0.1132047176361084,,,,,
,62621,,,,,,146,,,0.4722687900066376,0.8005802035331726,0.7751131057739258,0.6066749095916748,0.07148569077253342
0.00014847172445159356,62622,,,0.00014847172445159356,,0.00014847172445159356,,,,,,,,
,63047,0.19965830445289612,0.7683418989181519,,0.928233802318573,,147,0.8582503795623779,0.11493771523237228,,,,,
,63047,,,,,,147,,,0.4719271659851074,0.8008792400360107,0.7753459215164185,0.6071060299873352,0.07135336846113205
0.00014451800302358862,63048,,,0.00014451800302358862,,0.00014451800302358862,,,,,,,,
,63473,0.19961047172546387,0.7712359428405762,,0.9316664338111877,,148,0.8596193194389343,0.11623874306678772,,,,,
,63473,,,,,,148,,,0.472286581993103,0.7993021011352539,0.7730996608734131,0.6048145890235901,0.0710412934422493
0.00014061075222726268,63474,,,0.00014061075222726268,,0.00014061075222726268,,,,,,,,
,63899,0.19329781830310822,0.7817256450653076,,0.9511191248893738,,149,0.8816400170326233,0.11943629384040833,,,,,
,63899,,,,,,149,,,0.4721643626689911,0.7994444370269775,0.7728715538978577,0.6045166850090027,0.07089094817638397
0.00013675147133530163,63900,,,0.00013675147133530163,,0.00013675147133530163,,,,,,,,
,64325,0.19603107869625092,0.7728617191314697,,0.9351606369018555,,150,0.8637070059776306,0.11687634140253067,,,,,
,64325,,,,,,150,,,0.4713250994682312,0.8022001385688782,0.7761934995651245,0.6080003380775452,0.07109319418668747
0.00013294164121359554,64326,,,0.00013294164121359554,,0.00013294164121359554,,,,,,,,
,64751,0.2038174569606781,0.7601739764213562,,0.9153380990028381,,151,0.8448628783226013,0.11281967163085938,,,,,
,64751,,,,,,151,,,0.4712395966053009,0.799203634262085,0.7720718383789062,0.6040686368942261,0.07043562084436417
0.00012918272375300754,64752,,,0.00012918272375300754,,0.00012918272375300754,,,,,,,,
,65177,0.19841809570789337,0.7688084244728088,,0.9291450381278992,,152,0.8573242425918579,0.11607872694730759,,,,,
,65177,,,,,,152,,,0.47116154432296753,0.797965407371521,0.770313560962677,0.6022748351097107,0.07019345462322235
0.00012547616130842377,65178,,,0.00012547616130842377,,0.00012547616130842377,,,,,,,,
,65603,0.1973627656698227,0.7788471579551697,,0.9405680894851685,,153,0.8671914339065552,0.11754889786243439,,,,,
,65603,,,,,,153,,,0.4702606797218323,0.8013014793395996,0.7748665809631348,0.6075021624565125,0.07046481221914291
0.00012182337614529913,65604,,,0.00012182337614529913,,0.00012182337614529913,,,,,,,,
,66029,0.19995900988578796,0.7650298476219177,,0.9236394762992859,,154,0.8504490852355957,0.11590000241994858,,,,,
,66029,,,,,,154,,,0.47021153569221497,0.8006495237350464,0.7728927731513977,0.6047530770301819,0.07019130885601044
0.00011822576989391234,66030,,,0.00011822576989391234,,0.00011822576989391234,,,,,,,,
,66455,0.19913364946842194,0.7686511278152466,,0.9293009638786316,,155,0.8576417565345764,0.1161544919013977,,,,,
,66455,,,,,,155,,,0.4699936509132385,0.7996698021888733,0.7716813683509827,0.6040260791778564,0.0698334127664566
0.00011468472301153839,66456,,,0.00011468472301153839,,0.00011468472301153839,,,,,,,,
,66881,0.20110370218753815,0.7646998763084412,,0.9250879287719727,,156,0.8501500487327576,0.11766288429498672,,,,,
,66881,,,,,,156,,,0.4698968827724457,0.7997052669525146,0.7712618112564087,0.6036589741706848,0.06957969069480896
0.00011120159425274588,66882,,,0.00011120159425274588,,0.00011120159425274588,,,,,,,,
,67307,0.1977720707654953,0.7691903710365295,,0.9268282055854797,,157,0.8547552227973938,0.11485543847084045,,,,,
,67307,,,,,,157,,,0.4692635238170624,0.8007222414016724,0.7726231217384338,0.6054376363754272,0.0695432648062706
0.00010777772014802176,67308,,,0.00010777772014802176,,0.00010777772014802176,,,,,,,,
,67733,0.19430366158485413,0.7763527035713196,,0.9382687211036682,,158,0.8674411177635193,0.11637179553508759,,,,,
,67733,,,,,,158,,,0.4693049490451813,0.7982954978942871,0.7691607475280762,0.6017912030220032,0.06911735981702805
0.00010441441449092384,67734,,,0.00010441441449092384,,0.00010441441449092384,,,,,,,,
,68159,0.1921657919883728,0.7748335003852844,,0.9355694651603699,,159,0.8665177822113037,0.11489380151033401,,,,,
,68159,,,,,,159,,,0.46907320618629456,0.7984529733657837,0.7692602872848511,0.6019197106361389,0.06907401978969574
0.0001011129678339579,68160,,,0.0001011129678339579,,0.0001011129678339579,,,,,,,,
,68585,0.1987767368555069,0.7647131085395813,,0.9214894771575928,,160,0.8526896834373474,0.11278802901506424,,,,,
,68585,,,,,,160,,,0.4692654609680176,0.7965975403785706,0.7659397721290588,0.5984645485877991,0.06840859353542328
9.787464699337266e-05,68586,,,9.787464699337266e-05,,9.787464699337266e-05,,,,,,,,
,69011,0.19433997571468353,0.7695612907409668,,0.9253431558609009,,161,0.8581555485725403,0.11148475855588913,,,,,
,69011,,,,,,161,,,0.468688428401947,0.7980636954307556,0.7677202224731445,0.6007477641105652,0.06831452250480652
9.470069456306276e-05,69012,,,9.470069456306276e-05,,9.470069456306276e-05,,,,,,,,
,69437,0.19659370183944702,0.7544199228286743,,0.9066675901412964,,162,0.8392292857170105,0.10984305292367935,,,,,
,69437,,,,,,162,,,0.4685033857822418,0.7985955476760864,0.7684922814369202,0.6017343997955322,0.06832742691040039
9.159232843776623e-05,69438,,,9.159232843776623e-05,,9.159232843776623e-05,,,,,,,,
,69863,0.19812488555908203,0.7566797733306885,,0.9121653437614441,,163,0.8429824709892273,0.11233415454626083,,,,,
,69863,,,,,,163,,,0.46839430928230286,0.7980061173439026,0.7678431868553162,0.6012789607048035,0.06820060312747955
8.855074134573942e-05,69864,,,8.855074134573942e-05,,8.855074134573942e-05,,,,,,,,
,70289,0.19320152699947357,0.7655247449874878,,0.9236757755279541,,164,0.8508105278015137,0.11550825089216232,,,,,
,70289,,,,,,164,,,0.46831780672073364,0.796274721622467,0.7653235197067261,0.5987865924835205,0.06779278814792633
8.557710039108859e-05,70290,,,8.557710039108859e-05,,8.557710039108859e-05,,,,,,,,
,70715,0.19746650755405426,0.756498396396637,,0.9093723297119141,,165,0.8383380174636841,0.11195404827594757,,,,,
,70715,,,,,,165,,,0.4681107997894287,0.797245979309082,0.7661411762237549,0.5995604395866394,0.06773792207241058
8.267254660593407e-05,70716,,,8.267254660593407e-05,,8.267254660593407e-05,,,,,,,,
,71141,0.19351442158222198,0.7623345255851746,,0.9177109599113464,,166,0.8501065969467163,0.11149032413959503,,,,,
,71141,,,,,,166,,,0.4682449698448181,0.7964558601379395,0.7651152014732361,0.5986107587814331,0.06758221238851547
7.983819451257864e-05,71142,,,7.983819451257864e-05,,7.983819451257864e-05,,,,,,,,
,71567,0.1955481469631195,0.764470100402832,,0.9177138209342957,,167,0.8521235585212708,0.10941694676876068,,,,,
,71567,,,,,,167,,,0.4680895507335663,0.7972398400306702,0.76576167345047,0.5994078516960144,0.06743767857551575
7.707513169584777e-05,71568,,,7.707513169584777e-05,,7.707513169584777e-05,,,,,,,,
,71993,0.19533388316631317,0.7580091953277588,,0.9128269553184509,,168,0.846621572971344,0.11051159352064133,,,,,
,71993,,,,,,168,,,0.4677225351333618,0.7960394024848938,0.7642151117324829,0.5981320738792419,0.06712924689054489
7.438441838576666e-05,71994,,,7.438441838576666e-05,,7.438441838576666e-05,,,,,,,,
,72419,0.18588581681251526,0.782262921333313,,0.9433073997497559,,169,0.8741893768310547,0.11508118361234665,,,,,
,72419,,,,,,169,,,0.4674651026725769,0.7966526746749878,0.764812171459198,0.598894476890564,0.06703828275203705
7.176708705073375e-05,72420,,,7.176708705073375e-05,,7.176708705073375e-05,,,,,,,,
,72845,0.18932220339775085,0.7747270464897156,,0.9326310157775879,,170,0.8667324781417847,0.11190134286880493,,,,,
,72845,,,,,,170,,,0.4671323895454407,0.7982383966445923,0.7661199569702148,0.5998735427856445,0.06706395745277405
6.922414200134604e-05,72846,,,6.922414200134604e-05,,6.922414200134604e-05,,,,,,,,
,73271,0.19433388113975525,0.7666839957237244,,0.919122576713562,,171,0.8532683849334717,0.1091463565826416,,,,,
,73271,,,,,,171,,,0.46708211302757263,0.7965285181999207,0.7640671133995056,0.5981194972991943,0.06674323230981827
6.675655900503006e-05,73272,,,6.675655900503006e-05,,6.675655900503006e-05,,,,,,,,
,73697,0.1938798427581787,0.7632450461387634,,0.9150179028511047,,172,0.8461989164352417,0.11029589176177979,,,,,
,73697,,,,,,172,,,0.4671870768070221,0.7949789762496948,0.7623710632324219,0.596907913684845,0.06642788648605347
6.436528491162455e-05,73698,,,6.436528491162455e-05,,6.436528491162455e-05,,,,,,,,
,74123,0.19364479184150696,0.7650915384292603,,0.9188656806945801,,173,0.8527292013168335,0.10995537787675858,,,,,
,74123,,,,,,173,,,0.46655985713005066,0.7992827296257019,0.7670156955718994,0.601169228553772,0.06678981333971024
6.205123729005961e-05,74124,,,6.205123729005961e-05,,6.205123729005961e-05,,,,,,,,
,74549,0.19495829939842224,0.7518501281738281,,0.9027348160743713,,174,0.8363401889801025,0.10863956063985825,,,,,
,74549,,,,,,174,,,0.4667394757270813,0.7977434992790222,0.7650550603866577,0.5995486974716187,0.06640886515378952
5.981530407627116e-05,74550,,,5.981530407627116e-05,,5.981530407627116e-05,,,,,,,,
,74975,0.18892665207386017,0.7690043449401855,,0.9244641661643982,,175,0.8612973690032959,0.10931337624788284,,,,,
,74975,,,,,,175,,,0.46622294187545776,0.7981915473937988,0.7654364705085754,0.5999074578285217,0.0663871318101883
5.7658343232486205e-05,74976,,,5.7658343232486205e-05,,5.7658343232486205e-05,,,,,,,,
,75401,0.1946832686662674,0.7557061314582825,,0.9090120792388916,,176,0.8441228866577148,0.10909755527973175,,,,,
,75401,,,,,,176,,,0.46660783886909485,0.795203685760498,0.7614262104034424,0.595892071723938,0.06587827205657959
5.5581182418009573e-05,75402,,,5.5581182418009573e-05,,5.5581182418009573e-05,,,,,,,,
,75827,0.19134250283241272,0.7631747722625732,,0.9171916842460632,,177,0.8539885878562927,0.10860997438430786,,,,,
,75827,,,,,,177,,,0.46646180748939514,0.7958751916885376,0.7618709206581116,0.5962972044944763,0.06578471511602402
5.358461867163795e-05,75828,,,5.358461867163795e-05,,5.358461867163795e-05,,,,,,,,
,76253,0.1936645656824112,0.758049726486206,,0.9111109972000122,,178,0.8435549736022949,0.11030851304531097,,,,,
,76253,,,,,,178,,,0.4662116467952728,0.7965716123580933,0.7632395625114441,0.5982638001441956,0.06582191586494446
5.1669418105823966e-05,76254,,,5.1669418105823966e-05,,5.1669418105823966e-05,,,,,,,,
,76679,0.19443196058273315,0.7593097686767578,,0.9125109910964966,,179,0.844200074672699,0.11075609177350998,,,,,
,76679,,,,,,179,,,0.46629658341407776,0.7954738140106201,0.7612470984458923,0.5958263874053955,0.0655970647931099
4.983631561270683e-05,76680,,,4.983631561270683e-05,,4.983631561270683e-05,,,,,,,,
,77105,0.18900790810585022,0.7641786932945251,,0.9161868095397949,,180,0.8537536859512329,0.10722075402736664,,,,,
,77105,,,,,,180,,,0.4657570719718933,0.7959215044975281,0.7623898983001709,0.5977582335472107,0.06554977595806122
4.808601458212297e-05,77106,,,4.808601458212297e-05,,4.808601458212297e-05,,,,,,,,
,77531,0.18919025361537933,0.7655228972434998,,0.9187077283859253,,181,0.8516169786453247,0.11013774573802948,,,,,
,77531,,,,,,181,,,0.4654540419578552,0.7956978678703308,0.761898934841156,0.5972466468811035,0.06542649865150452
4.641918663170431e-05,77532,,,4.641918663170431e-05,,4.641918663170431e-05,,,,,,,,
,77957,0.18871133029460907,0.7687674164772034,,0.91863614320755,,182,0.8537312746047974,0.1073867455124855,,,,,
,77957,,,,,,182,,,0.4654320776462555,0.7950628399848938,0.7604078054428101,0.5955996513366699,0.06507657468318939
4.4836471349168195e-05,77958,,,4.4836471349168195e-05,,4.4836471349168195e-05,,,,,,,,
,78383,0.1907166838645935,0.7652644515037537,,0.915024995803833,,183,0.8470619916915894,0.1088617667555809,,,,,
,78383,,,,,,183,,,0.46524378657341003,0.7949826121330261,0.7601163983345032,0.5952345728874207,0.06500783562660217
4.3338476046897815e-05,78384,,,4.3338476046897815e-05,,4.3338476046897815e-05,,,,,,,,
,78809,0.1931973546743393,0.7513513565063477,,0.8980870842933655,,184,0.8347830772399902,0.10501981526613235,,,,,
,78809,,,,,,184,,,0.4650108218193054,0.7963034510612488,0.7616147994995117,0.5968784689903259,0.0650237575173378
4.1925775528906816e-05,78810,,,4.1925775528906816e-05,,4.1925775528906816e-05,,,,,,,,
,79235,0.1883346140384674,0.7699964046478271,,0.9251428246498108,,185,0.8627381920814514,0.10877551883459091,,,,,
,79235,,,,,,185,,,0.46506088972091675,0.7934480309486389,0.7585918307304382,0.5943349003791809,0.06470033526420593
4.0598911870278254e-05,79236,,,4.0598911870278254e-05,,4.0598911870278254e-05,,,,,,,,
,79661,0.18776871263980865,0.7700988054275513,,0.9218085408210754,,186,0.8582534193992615,0.10763246566057205,,,,,
,79661,,,,,,186,,,0.4643920063972473,0.7977369427680969,0.7632852792739868,0.5986945629119873,0.06506939232349396
3.9358394209161995e-05,79662,,,3.9358394209161995e-05,,3.9358394209161995e-05,,,,,,,,
,80087,0.19311238825321198,0.7637832164764404,,0.9156233072280884,,187,0.8483168482780457,0.10957323759794235,,,,,
,80087,,,,,,187,,,0.4645661413669586,0.7960463762283325,0.7609284520149231,0.5964318513870239,0.06468948721885681
3.8204698551410336e-05,80088,,,3.8204698551410336e-05,,3.8204698551410336e-05,,,,,,,,
,80513,0.18892662227153778,0.7730914354324341,,0.9306167960166931,,188,0.8656826019287109,0.11122976243495941,,,,,
,80513,,,,,,188,,,0.46451953053474426,0.7963085770606995,0.7616291046142578,0.5974305868148804,0.0647595077753067
3.7138267587927317e-05,80514,,,3.7138267587927317e-05,,3.7138267587927317e-05,,,,,,,,
,80939,0.1901327222585678,0.7657515406608582,,0.9186472296714783,,189,0.8569710850715637,0.10728590935468674,,,,,
,80939,,,,,,189,,,0.4646708071231842,0.7954127788543701,0.7601304054260254,0.595909833908081,0.06446889042854309
3.6159510524801433e-05,80940,,,3.6159510524801433e-05,,3.6159510524801433e-05,,,,,,,,
,81365,0.18884776532649994,0.7685559391975403,,0.9174714088439941,,190,0.8516206741333008,0.10738304257392883,,,,,
,81365,,,,,,190,,,0.46440207958221436,0.7962748408317566,0.7610816955566406,0.5967556834220886,0.0645664781332016
3.5268802926286705e-05,81366,,,3.5268802926286705e-05,,3.5268802926286705e-05,,,,,,,,
,81791,0.18758760392665863,0.7737433910369873,,0.9273620247840881,,191,0.8618922233581543,0.10954423248767853,,,,,
,81791,,,,,,191,,,0.4642239809036255,0.7970306277275085,0.7616640329360962,0.5972785949707031,0.06450924277305603
3.446648657069314e-05,81792,,,3.446648657069314e-05,,3.446648657069314e-05,,,,,,,,
,82217,0.1910908818244934,0.7665092945098877,,0.9149541258811951,,192,0.8452446460723877,0.10907718539237976,,,,,
,82217,,,,,,192,,,0.46431341767311096,0.795373797416687,0.7596314549446106,0.5953249335289001,0.06428203731775284
3.3752869319240736e-05,82218,,,3.3752869319240736e-05,,3.3752869319240736e-05,,,,,,,,
,82643,0.18817265331745148,0.7640075087547302,,0.9148754477500916,,193,0.8529905676841736,0.10637638717889786,,,,,
,82643,,,,,,193,,,0.46419161558151245,0.7941563725471497,0.7584601044654846,0.5943069458007812,0.0642285943031311
3.312822499792869e-05,82644,,,3.312822499792869e-05,,3.312822499792869e-05,,,,,,,,
,83069,0.1870860457420349,0.7710927128791809,,0.9280622601509094,,194,0.8673837184906006,0.10882403701543808,,,,,
,83069,,,,,,194,,,0.4637542963027954,0.7963411808013916,0.7613608241081238,0.5977022647857666,0.06433927267789841
3.259279329246393e-05,83070,,,3.259279329246393e-05,,3.259279329246393e-05,,,,,,,,
,83495,0.18627512454986572,0.7696501612663269,,0.9229233264923096,,195,0.8602716326713562,0.1079624816775322,,,,,
,83495,,,,,,195,,,0.4639255404472351,0.7961565256118774,0.7603209018707275,0.5960708260536194,0.06420709937810898
3.214677965629006e-05,83496,,,3.214677965629006e-05,,3.214677965629006e-05,,,,,,,,
,83921,0.19048616290092468,0.7648297548294067,,0.9154226183891296,,196,0.8492351174354553,0.10839016735553741,,,,,
,83921,,,,,,196,,,0.4639444649219513,0.794200599193573,0.758417010307312,0.5946987271308899,0.06396732479333878
3.1790355231751714e-05,83922,,,3.1790355231751714e-05,,3.1790355231751714e-05,,,,,,,,
,84347,0.18395575881004333,0.7802849411964417,,0.93716961145401,,197,0.8739253282546997,0.11006440222263336,,,,,
,84347,,,,,,197,,,0.4639548063278198,0.7944232821464539,0.7584342956542969,0.5945320725440979,0.0639566034078598
3.15236567844245e-05,84348,,,3.15236567844245e-05,,3.15236567844245e-05,,,,,,,,
,84773,0.19219569861888885,0.7565025091171265,,0.9029797315597534,,198,0.8388662934303284,0.1052953451871872,,,,,
,84773,,,,,,198,,,0.46377918124198914,0.7947789430618286,0.7587746977806091,0.594860851764679,0.0639546662569046
3.134678665063599e-05,84774,,,3.134678665063599e-05,,3.134678665063599e-05,,,,,,,,
,85199,0.19103486835956573,0.7683703303337097,,0.9208418726921082,,199,0.8565026521682739,0.10840549319982529,,,,,
,85199,,,,,,199,,,0.4637503921985626,0.7952684760093689,0.7593445181846619,0.5954959988594055,0.06396237015724182
