lr-AdamW/pg3,lr-AdamW/pg2,valid_collapse,lr-AdamW/pg1,valid_loss_t,valid_loss_c,epoch,valid_loss,step,valid_loss_a,train_loss_a,train_loss,train_loss_c,train_collapse,train_loss_t
0.00025,0.00025,,0.00025,,,,,0,,,,,,
,,0.2410297691822052,,0.7805226445198059,0.8825303912162781,0,1.4592034816741943,212,0.6276769638061523,,,,,
,,,,,,0,,212,,0.15652959048748016,0.8691995143890381,0.6185079216957092,0.6632007956504822,0.8068317174911499
0.0002503818314439925,0.0002503818314439925,,0.0002503818314439925,,,,,213,,,,,,
,,0.2585815191268921,,0.7845571041107178,0.872112512588501,1,1.4732410907745361,425,0.644906222820282,,,,,
,,,,,,1,,425,,0.1579490303993225,0.8645631670951843,0.6104469299316406,0.6699854135513306,0.8027816414833069
0.00025152499305194405,0.00025152499305194405,,0.00025152499305194405,,,,,426,,,,,,
,,0.2663426697254181,,0.7774634957313538,0.8687793016433716,2,1.4661509990692139,638,0.6430296301841736,,,,,
,,,,,,2,,638,,0.16184671223163605,0.8735601305961609,0.6165284514427185,0.6732338070869446,0.8068986535072327
0.000253422500903095,0.000253422500903095,,0.000253422500903095,,,,,639,,,,,,
,,0.2590685784816742,,0.7728729248046875,0.8663642406463623,3,1.4888596534729004,851,0.6692409515380859,,,,,
,,,,,,3,,851,,0.16321448981761932,0.8708512783050537,0.6118077039718628,0.6768108010292053,0.8034658432006836
0.0002560627625468406,0.0002560627625468406,,0.0002560627625468406,,,,,852,,,,,,
,,0.2688228189945221,,0.7643675208091736,0.8446129560470581,4,1.4590275287628174,1064,0.6545372605323792,,,,,
,,,,,,4,,1064,,0.16480012238025665,0.8757564425468445,0.6155611872673035,0.678119421005249,0.806351900100708
0.0002594296478245257,0.0002594296478245257,,0.0002594296478245257,,,,,1065,,,,,,
,,0.25734400749206543,,0.7774654030799866,0.873523473739624,5,1.4976489543914795,1277,0.672154426574707,,,,,
,,,,,,5,,1277,,0.16542142629623413,0.8746156096458435,0.6131241917610168,0.6799898743629456,0.8052641749382019
0.000263502587413473,0.000263502587413473,,0.000263502587413473,,,,,1278,,,,,,
,,0.2730932831764221,,0.7685061097145081,0.8572104573249817,6,1.465381383895874,1490,0.6525231599807739,,,,,
,,,,,,6,,1490,,0.16703389585018158,0.8778522610664368,0.6152350902557373,0.6815544962882996,0.806401789188385
0.00026825669849120967,0.00026825669849120967,,0.00026825669849120967,,,,,1491,,,,,,
,,0.2818693220615387,,0.7713412642478943,0.8617337346076965,7,1.4865896701812744,1703,0.6700520515441895,,,,,
,,,,,,7,,1703,,0.16727082431316376,0.8762333393096924,0.613124430179596,0.6824958324432373,0.8048006892204285
0.0002736629367521725,0.0002736629367521725,,0.0002736629367521725,,,,,1704,,,,,,
,,0.24577289819717407,,0.7849582433700562,0.8794592022895813,8,1.481682538986206,1916,0.6494737267494202,,,,,
,,,,,,8,,1916,,0.16857802867889404,0.8781648874282837,0.6145936250686646,0.6841058731079102,0.8045800924301147
0.0002796882738481733,0.0002796882738481733,,0.0002796882738481733,,,,,1917,,,,,,
,,0.2598150074481964,,0.7696641087532043,0.8625288009643555,9,1.4857360124588013,2129,0.6696394085884094,,,,,
,,,,,,9,,2129,,0.16868552565574646,0.8779061436653137,0.6141818165779114,0.6835337281227112,0.8042596578598022
0.0002862958991685896,0.0002862958991685896,,0.0002862958991685896,,,,,2130,,,,,,
,,0.2865682542324066,,0.7807854413986206,0.8696819543838501,10,1.4860223531723022,2342,0.6607887148857117,,,,,
,,,,,,10,,2342,,0.16780729591846466,0.8719480633735657,0.6074145436286926,0.6860906481742859,0.8008668422698975
0.0002934454447275422,0.0002934454447275422,,0.0002934454447275422,,,,,2343,,,,,,
,,0.2832329273223877,,0.7696883678436279,0.8584685921669006,11,1.466983675956726,2555,0.652905285358429,,,,,
,,,,,,11,,2555,,0.1696614921092987,0.8802540898323059,0.6152380704879761,0.685543954372406,0.8059470057487488
0.0003010932317841563,0.0003010932317841563,,0.0003010932317841563,,,,,2556,,,,,,
,,0.26128923892974854,,0.7649835348129272,0.8467044234275818,12,1.4647263288497925,2768,0.6588823795318604,,,,,
,,,,,,12,,2768,,0.17099875211715698,0.8838390707969666,0.6180645823478699,0.6859157681465149,0.8076162934303284
0.00030919253768922926,0.00030919253768922926,,0.00030919253768922926,,,,,2769,,,,,,
,,0.28305113315582275,,0.7755742073059082,0.8774557709693909,13,1.4979366064071655,2981,0.6714216470718384,,,,,
,,,,,,13,,2981,,0.1704949289560318,0.8796214461326599,0.6135680079460144,0.687806248664856,0.8046850562095642
0.00031769388132805586,0.00031769388132805586,,0.00031769388132805586,,,,,2982,,,,,,
,,0.2739708423614502,,0.7718877792358398,0.8624792695045471,14,1.5044885873794556,3194,0.6873050332069397,,,,,
,,,,,,14,,3194,,0.17260776460170746,0.8854536414146423,0.6182630062103271,0.688644289970398,0.8074286580085754
0.0003265453254155563,0.0003265453254155563,,0.0003265453254155563,,,,,3195,,,,,,
,,0.28137052059173584,,0.7638262510299683,0.8516383767127991,15,1.495129942893982,3407,0.6873976588249207,,,,,
,,,,,,15,,3407,,0.17274819314479828,0.8815626502037048,0.6128890514373779,0.6916584968566895,0.8047398924827576
0.00033569279379689287,0.00033569279379689287,,0.00033569279379689287,,,,,3408,,,,,,
,,0.2754366099834442,,0.7625134587287903,0.8507941961288452,16,1.4856643676757812,3620,0.6790105700492859,,,,,
,,,,,,16,,3620,,0.17321795225143433,0.8825793862342834,0.6140393018722534,0.6904621124267578,0.8046838045120239
0.00034508040181509107,0.00034508040181509107,,0.00034508040181509107,,,,,3621,,,,,,
,,0.276511013507843,,0.7682567834854126,0.8658797740936279,17,1.4918222427368164,3833,0.6747540235519409,,,,,
,,,,,,17,,3833,,0.17337173223495483,0.8832183480262756,0.6142296195030212,0.6910054087638855,0.8054636716842651
0.0003546507977273471,0.0003546507977273471,,0.0003546507977273471,,,,,3834,,,,,,
,,0.31269583106040955,,0.7772783637046814,0.8776624202728271,18,1.473027229309082,4046,0.6455568075180054,,,,,
,,,,,,18,,4046,,0.1886567920446396,0.926737368106842,0.6517422795295715,0.6768913269042969,0.8244187831878662
0.000364345513084209,0.000364345513084209,,0.000364345513084209,,,,,4047,,,,,,
,,0.30392923951148987,,0.7717025876045227,0.8520981073379517,19,1.4165542125701904,4259,0.6046538949012756,,,,,
,,,,,,19,,4259,,0.22489354014396667,1.002771258354187,0.704749345779419,0.6456961631774902,0.8510060906410217
0.0003741053199310557,0.0003741053199310557,,0.0003741053199310557,,,,,4260,,,,,,
,,0.2652885913848877,,0.7797232270240784,0.8701716065406799,20,1.4900811910629272,4472,0.6651337146759033,,,,,
,,,,,,20,,4472,,0.18174436688423157,0.9092215895652771,0.636539876461029,0.6931288242340088,0.8184142708778381
0.00038387059264962466,0.00038387059264962466,,0.00038387059264962466,,,,,4473,,,,,,
,,0.27489760518074036,,0.7546855211257935,0.8403103351593018,21,1.442844271659851,4685,0.6453464031219482,,,,,
,,,,,,21,,4685,,0.17470863461494446,0.8957472443580627,0.6293525099754333,0.6864467859268188,0.8127247095108032
0.00039358167222898596,0.00039358167222898596,,0.00039358167222898596,,,,,4686,,,,,,
,,0.268236368894577,,0.760800838470459,0.8516712188720703,22,1.4400391578674316,4898,0.6338031888008118,,,,,
,,,,,,22,,4898,,0.16940654814243317,0.8847595453262329,0.6220118403434753,0.682910680770874,0.8086940050125122
0.0004031792307405235,0.0004031792307405235,,0.0004031792307405235,,,,,4899,,,,,,
,,0.2558419108390808,,0.7861712574958801,0.8759109973907471,23,1.431984305381775,5111,0.6009431481361389,,,,,
,,,,,,23,,5111,,0.16734400391578674,0.8829911351203918,0.6219663619995117,0.6795123219490051,0.8093279004096985
0.0004126046337902329,0.0004126046337902329,,0.0004126046337902329,,,,,5112,,,,,,
,,0.2594393789768219,,0.7808103561401367,0.8771077990531921,24,1.462740421295166,5324,0.6337813138961792,,,,,
,,,,,,24,,5324,,0.16577787697315216,0.877031147480011,0.6164105534553528,0.6795378923416138,0.8060960173606873
0.00042180029873400743,0.00042180029873400743,,0.00042180029873400743,,,,,5325,,,,,,
,,0.2564338743686676,,0.7798044085502625,0.8748651146888733,25,1.4485722780227661,5537,0.621237576007843,,,,,
,,,,,,25,,5537,,0.16536767780780792,0.8749985098838806,0.6143565773963928,0.679633378982544,0.8049049973487854
0.00043071004646746383,0.00043071004646746383,,0.00043071004646746383,,,,,5538,,,,,,
,,0.26799026131629944,,0.7794803977012634,0.8651615977287292,26,1.4437285661697388,5750,0.6214075684547424,,,,,
,,,,,,26,,5750,,0.16736334562301636,0.8801431655883789,0.6177576184272766,0.6789687871932983,0.8078024387359619
0.00043927944464111916,0.00043927944464111916,,0.00043927944464111916,,,,,5751,,,,,,
,,0.2733795642852783,,0.7843321561813354,0.883474588394165,27,1.4864414930343628,5963,0.6525380611419678,,,,,
,,,,,,27,,5963,,0.16974125802516937,0.8831758499145508,0.6198071837425232,0.6821437478065491,0.8070617914199829
0.0004474561402041128,0.0004474561402041128,,0.0004474561402041128,,,,,5964,,,,,,
,,0.2555086016654968,,0.7690376043319702,0.8600239157676697,28,1.4832130670547485,6176,0.6686822772026062,,,,,
,,,,,,28,,6176,,0.17065995931625366,0.8845941424369812,0.6193334460258484,0.685008704662323,0.8085347414016724
0.0004551901792448624,0.0004551901792448624,,0.0004551901792448624,,,,,6177,,,,,,
,,0.2699807584285736,,0.7797293066978455,0.8713234663009644,29,1.473183512687683,6389,0.6476571559906006,,,,,
,,,,,,29,,6389,,0.17062075436115265,0.8816955089569092,0.6160083413124084,0.6871432065963745,0.8061412572860718
0.0004624343121746506,0.0004624343121746506,,0.0004624343121746506,,,,,6390,,,,,,
,,0.2860258221626282,,0.790033221244812,0.8817100524902344,30,1.4861068725585938,6602,0.6502352356910706,,,,,
,,,,,,30,,6602,,0.1724196821451187,0.8863792419433594,0.6192518472671509,0.6872567534446716,0.8086671829223633
0.00046914428238968456,0.00046914428238968456,,0.00046914428238968456,,,,,6603,,,,,,
,,0.2676909267902374,,0.7857812643051147,0.8746393918991089,31,1.4944602251052856,6815,0.6642498970031738,,,,,
,,,,,,31,,6815,,0.17355228960514069,0.8860505223274231,0.6179471611976624,0.6894366145133972,0.8070492744445801
0.0004752790966481027,0.0004752790966481027,,0.0004752790966481027,,,,,6816,,,,,,
,,0.28790563344955444,,0.7716205716133118,0.8644524812698364,32,1.463835597038269,7028,0.6457993388175964,,,,,
,,,,,,32,,7028,,0.17431852221488953,0.887020468711853,0.6182986497879028,0.6907772421836853,0.807105302810669
0.0004808012755101143,0.0004808012755101143,,0.0004808012755101143,,,,,7029,,,,,,
,,0.26298248767852783,,0.7733780741691589,0.8707836270332336,33,1.4964795112609863,7241,0.6743985414505005,,,,,
,,,,,,33,,7241,,0.1762864887714386,0.891818642616272,0.6210290193557739,0.6919936537742615,0.8100348711013794
0.00048567708231125753,0.00048567708231125753,,0.00048567708231125753,,,,,7242,,,,,,
,,0.30017292499542236,,0.7805894613265991,0.8681315183639526,34,1.4943972826004028,7454,0.6700367331504822,,,,,
,,,,,,34,,7454,,0.1737975925207138,0.881166934967041,0.6121001839637756,0.6941179633140564,0.8026387095451355
0.0004898767292699081,0.0004898767292699081,,0.0004898767292699081,,,,,7455,,,,,,
,,0.2872481346130371,,0.7621416449546814,0.8453744649887085,35,1.4665414094924927,7667,0.6627833247184753,,,,,
,,,,,,35,,7667,,0.17593201994895935,0.8898398280143738,0.6199904680252075,0.6937208771705627,0.8078250885009766
0.0004933745594698666,0.0004933745594698666,,0.0004933745594698666,,,,,7668,,,,,,
,,0.2712240219116211,,0.7784534692764282,0.8748685121536255,36,1.4881248474121094,7880,0.6614637970924377,,,,,
,,,,,,36,,7880,,0.1760074496269226,0.8900840282440186,0.6196403503417969,0.6930834054946899,0.808512806892395
0.0004961492036062353,0.0004961492036062353,,0.0004961492036062353,,,,,7881,,,,,,
,,0.2692696750164032,,0.7809089422225952,0.8730970025062561,37,1.5026719570159912,8093,0.6756690144538879,,,,,
,,,,,,37,,8093,,0.17403173446655273,0.8827955722808838,0.6135957837104797,0.6936017274856567,0.8039319515228271
0.0004981837105369799,0.0004981837105369799,,0.0004981837105369799,,,,,8094,,,,,,
,,0.283346563577652,,0.7702831625938416,0.8646740913391113,38,1.4642547369003296,8306,0.6467760801315308,,,,,
,,,,,,38,,8306,,0.17553840577602386,0.8889775276184082,0.6185542941093445,0.6936728954315186,0.8083238005638123
0.0004994656508425933,0.0004994656508425933,,0.0004994656508425933,,,,,8307,,,,,,
,,0.25944578647613525,,0.7812066674232483,0.8710554838180542,39,1.4857761859893799,8519,0.659645140171051,,,,,
,,,,,,39,,8519,,0.17513319849967957,0.8854522705078125,0.6155466437339783,0.6951197385787964,0.8050916790962219
0.0004999871927611878,0.0004999871927611878,,0.0004999871927611878,,,,,8520,,,,,,
,,0.2583569586277008,,0.7688754200935364,0.8630127310752869,40,1.4882937669754028,8732,0.6723496317863464,,,,,
,,,,,,40,,8732,,0.17606708407402039,0.8898594975471497,0.6193016171455383,0.6934418678283691,0.8082832098007202
0.0004999701322302278,0.0004999701322302278,,0.0004999701322302278,,,,,8733,,,,,,
,,0.2719336152076721,,0.7650873064994812,0.8530833125114441,41,1.4798123836517334,8945,0.670727014541626,,,,,
,,,,,,41,,8945,,0.1759949028491974,0.889828085899353,0.6192193627357483,0.6931484341621399,0.8084466457366943
0.0004998522628143321,0.0004998522628143321,,0.0004998522628143321,,,,,8946,,,,,,
,,0.28830215334892273,,0.7700006365776062,0.8598359227180481,42,1.4370197057724,9158,0.6221014261245728,,,,,
,,,,,,42,,9158,,0.1771286129951477,0.8929644227027893,0.6220215559005737,0.6932956576347351,0.8096502423286438
0.0004996449362478648,0.0004996449362478648,,0.0004996449362478648,,,,,9159,,,,,,
,,0.28130584955215454,,0.7625733613967896,0.8488854765892029,43,1.4706857204437256,9371,0.6649562120437622,,,,,
,,,,,,43,,9371,,0.17589856684207916,0.8876346349716187,0.6163955926895142,0.6948912143707275,0.8070761561393738
0.000499348231713939,0.000499348231713939,,0.000499348231713939,,,,,9372,,,,,,
,,0.27804481983184814,,0.7691784501075745,0.8591658473014832,44,1.4957536458969116,9584,0.6815813779830933,,,,,
,,,,,,44,,9584,,0.1753843128681183,0.8862961530685425,0.6160579919815063,0.6943759322166443,0.8057656288146973
0.0004989622625313114,0.0004989622625313114,,0.0004989622625313114,,,,,9585,,,,,,
,,0.29267749190330505,,0.7648892402648926,0.8456166386604309,45,1.4515401124954224,9797,0.646287202835083,,,,,
,,,,,,45,,9797,,0.17524583637714386,0.8872019648551941,0.6174059510231018,0.6938179731369019,0.8065062165260315
0.0004984871761111026,0.0004984871761111026,,0.0004984871761111026,,,,,9798,,,,,,
,,0.27373209595680237,,0.7771919965744019,0.8655542731285095,46,1.4502649307250977,10010,0.6288917660713196,,,,,
,,,,,,46,,10010,,0.17455804347991943,0.8834028840065002,0.6135841012001038,0.6949361562728882,0.8041056394577026
0.0004979231539004974,0.0004979231539004974,,0.0004979231539004974,,,,,10011,,,,,,
,,0.27564293146133423,,0.7835018634796143,0.8723523616790771,47,1.5004017353057861,10223,0.6724746227264404,,,,,
,,,,,,47,,10223,,0.17459531128406525,0.8842825293540955,0.6141700744628906,0.6928054094314575,0.8052045106887817
0.0004972704113134454,0.0004972704113134454,,0.0004972704113134454,,,,,10224,,,,,,
,,0.3178211450576782,,0.7714532017707825,0.8594597578048706,48,1.4848473072052002,10436,0.6693907380104065,,,,,
,,,,,,48,,10436,,0.1743183583021164,0.8824172616004944,0.6128669381141663,0.6937142014503479,0.8033307790756226
0.0004965291976483894,0.0004965291976483894,,0.0004965291976483894,,,,,10437,,,,,,
,,0.2848205268383026,,0.7748515009880066,0.8631616234779358,49,1.4483643770217896,10649,0.6293578147888184,,,,,
,,,,,,49,,10649,,0.17545336484909058,0.8887149691581726,0.6185261011123657,0.6920486092567444,0.8079965114593506
0.0004956997959930523,0.0004956997959930523,,0.0004956997959930523,,,,,10650,,,,,,
,,0.266025185585022,,0.7829960584640503,0.8755472302436829,50,1.453538179397583,10862,0.6242665648460388,,,,,
,,,,,,50,,10862,,0.17426738142967224,0.8833826780319214,0.6136944890022278,0.6925772428512573,0.8045363426208496
0.0004947825231163187,0.0004947825231163187,,0.0004947825231163187,,,,,10863,,,,,,
,,0.2884902358055115,,0.7581602334976196,0.8436964154243469,51,1.4462037086486816,11075,0.6452752947807312,,,,,
,,,,,,51,,11075,,0.17347964644432068,0.8819134831428528,0.6131104826927185,0.6921543478965759,0.8037570714950562
0.0004937777293472529,0.0004937777293472529,,0.0004937777293472529,,,,,11076,,,,,,
,,0.29211482405662537,,0.7755104899406433,0.8702272176742554,52,1.4733452796936035,11288,0.6504765748977661,,,,,
,,,,,,52,,11288,,0.1731637418270111,0.8806880712509155,0.6121490597724915,0.6925206780433655,0.8028993606567383
0.0004926857984412999,0.0004926857984412999,,0.0004926857984412999,,,,,11289,,,,,,
,,0.29461926221847534,,0.7719493508338928,0.8549855947494507,53,1.4621772766113281,11501,0.6487097144126892,,,,,
,,,,,,53,,11501,,0.17411646246910095,0.885213315486908,0.6165220141410828,0.6906867027282715,0.8056715130805969
0.0004915071474337201,0.0004915071474337201,,0.0004915071474337201,,,,,11502,,,,,,
,,0.27220845222473145,,0.7710011601448059,0.8585205078125,54,1.4412142038345337,11714,0.6264534592628479,,,,,
,,,,,,54,,11714,,0.17439471185207367,0.8848658204078674,0.614924430847168,0.6918900012969971,0.8060178160667419
0.0004902422264803124,0.0004902422264803124,,0.0004902422264803124,,,,,11715,,,,,,
,,0.29423800110816956,,0.7650739550590515,0.8553575873374939,55,1.4248664379119873,11927,0.6146506667137146,,,,,
,,,,,,55,,11927,,0.17429690062999725,0.8839942216873169,0.6143732070922852,0.6912093758583069,0.8050220012664795
0.0004888915186854892,0.0004888915186854892,,0.0004888915186854892,,,,,11928,,,,,,
,,0.2657197415828705,,0.7846382856369019,0.8828900456428528,56,1.5191748142242432,12140,0.6854107975959778,,,,,
,,,,,,56,,12140,,0.17459315061569214,0.885177731513977,0.6154258251190186,0.691953182220459,0.8057432770729065
0.000487455539917767,0.000487455539917767,,0.000487455539917767,,,,,12141,,,,,,
,,0.3084409534931183,,0.7754940986633301,0.8669729828834534,57,1.4704411029815674,12353,0.6492074728012085,,,,,
,,,,,,57,,12353,,0.17350439727306366,0.8814516663551331,0.6119535565376282,0.6926591992378235,0.8039408922195435
0.0004859348386127433,0.0004859348386127433,,0.0004859348386127433,,,,,12354,,,,,,
,,0.2719852030277252,,0.7727973461151123,0.8665881752967834,58,1.5044081211090088,12566,0.684715211391449,,,,,
,,,,,,58,,12566,,0.17394129931926727,0.8848394751548767,0.6161900162696838,0.6912094354629517,0.8056066036224365
0.0004843299955636359,0.0004843299955636359,,0.0004843299955636359,,,,,12567,,,,,,
,,0.2991330325603485,,0.7693219780921936,0.857702374458313,59,1.4471181631088257,12779,0.6336060762405396,,,,,
,,,,,,59,,12779,,0.17276297509670258,0.8788548707962036,0.6101080775260925,0.692816436290741,0.8020756840705872
0.0004826416236994631,0.0004826416236994631,,0.0004826416236994631,,,,,12780,,,,,,
,,0.28886374831199646,,0.7756250500679016,0.8648492693901062,60,1.476158618927002,12992,0.6559215784072876,,,,,
,,,,,,60,,12992,,0.17365214228630066,0.8834270238876343,0.614899218082428,0.6903091669082642,0.8046507239341736
0.0004808703678509513,0.0004808703678509513,,0.0004808703678509513,,,,,12993,,,,,,
,,0.26488637924194336,,0.7759492993354797,0.8730053901672363,61,1.4668229818344116,13205,0.6423457860946655,,,,,
,,,,,,61,,13205,,0.17219297587871552,0.8775638937950134,0.6096583604812622,0.6921547055244446,0.8010832667350769
0.000479016904504259,0.000479016904504259,,0.000479016904504259,,,,,13206,,,,,,
,,0.28213194012641907,,0.7794023156166077,0.8725348114967346,62,1.5125014781951904,13418,0.6865329742431641,,,,,
,,,,,,62,,13418,,0.17274144291877747,0.8826072216033936,0.6145272850990295,0.6896116733551025,0.8052043914794922
0.0004770819415426088,0.0004770819415426088,,0.0004770819415426088,,,,,13419,,,,,,
,,0.2692686915397644,,0.777029275894165,0.8718968629837036,63,1.467134714126587,13631,0.6426716446876526,,,,,
,,,,,,63,,13631,,0.17158286273479462,0.8803528547286987,0.613236129283905,0.6898384094238281,0.8043038845062256
0.0004750662179759304,0.0004750662179759304,,0.0004750662179759304,,,,,13632,,,,,,
,,0.2602880597114563,,0.7858882546424866,0.8797909021377563,64,1.4840811491012573,13844,0.6512415409088135,,,,,
,,,,,,64,,13844,,0.17095473408699036,0.878397524356842,0.6113879680633545,0.6891498565673828,0.803497314453125
0.00047297050365861413,0.00047297050365861413,,0.00047297050365861413,,,,,13845,,,,,,
,,0.32479560375213623,,0.7579078078269958,0.8363292217254639,65,1.4535439014434814,14057,0.6564253568649292,,,,,
,,,,,,65,,14057,,0.1713559478521347,0.8799208998680115,0.612878143787384,0.6882085800170898,0.8042514324188232
0.0004707955989954847,0.0004707955989954847,,0.0004707955989954847,,,,,14058,,,,,,
,,0.273255854845047,,0.7864733934402466,0.8837478160858154,66,1.4929776191711426,14270,0.6578670144081116,,,,,
,,,,,,66,,14270,,0.17012302577495575,0.8748700022697449,0.6081207990646362,0.6892176270484924,0.8013730645179749
0.000468542334636107,0.000468542334636107,,0.000468542334636107,,,,,14271,,,,,,
,,0.2810143828392029,,0.7696267366409302,0.8540955185890198,67,1.4437893629074097,14483,0.6319282054901123,,,,,
,,,,,,67,,14483,,0.1711909919977188,0.8810529112815857,0.614396870136261,0.6875140070915222,0.8053269386291504
0.00046621157115754044,0.00046621157115754044,,0.00046621157115754044,,,,,14484,,,,,,
,,0.2709728479385376,,0.776867151260376,0.8825852274894714,68,1.4611084461212158,14696,0.6313822865486145,,,,,
,,,,,,68,,14696,,0.16996312141418457,0.8741742372512817,0.6080695986747742,0.6899787187576294,0.800352156162262
0.0004638041987356635,0.0004638041987356635,,0.0004638041987356635,,,,,14697,,,,,,
,,0.2801065146923065,,0.7593207955360413,0.8384191393852234,69,1.4722614288330078,14909,0.6733915209770203,,,,,
,,,,,,69,,14909,,0.16910594701766968,0.8700779676437378,0.6039068698883057,0.6890106201171875,0.7980367541313171
0.0004613211368051938,0.0004613211368051938,,0.0004613211368051938,,,,,14910,,,,,,
,,0.2790070176124573,,0.7617560029029846,0.8500267267227173,70,1.4705753326416016,15122,0.6646838784217834,,,,,
,,,,,,70,,15122,,0.17119009792804718,0.8800702095031738,0.6132349967956543,0.68773353099823,0.80452561378479
0.0004587633337085332,0.0004587633337085332,,0.0004587633337085332,,,,,15123,,,,,,
,,0.29365211725234985,,0.7802804112434387,0.8785010576248169,71,1.5046403408050537,15335,0.6752496361732483,,,,,
,,,,,,71,,15335,,0.1709512621164322,0.8795406222343445,0.6128666400909424,0.6877183318138123,0.8043121099472046
0.00045613176633357237,0.00045613176633357237,,0.00045613176633357237,,,,,15336,,,,,,
,,0.2766568660736084,,0.7738090753555298,0.8652783632278442,72,1.4873749017715454,15548,0.6678311228752136,,,,,
,,,,,,72,,15548,,0.17141671478748322,0.8811782598495483,0.6146926283836365,0.6877029538154602,0.8048306107521057
0.0004534274397405938,0.0004534274397405938,,0.0004534274397405938,,,,,15549,,,,,,
,,0.2764645218849182,,0.778144121170044,0.8707377314567566,73,1.5013999938964844,15761,0.6769591569900513,,,,,
,,,,,,73,,15761,,0.17009735107421875,0.8779947757720947,0.6120903491973877,0.6875388622283936,0.8037043809890747
0.00045065138677841414,0.00045065138677841414,,0.00045065138677841414,,,,,15762,,,,,,
,,0.24733507633209229,,0.7866557836532593,0.8899770379066467,74,1.5139390230178833,15974,0.6756226420402527,,,,,
,,,,,,74,,15974,,0.17039364576339722,0.8793591856956482,0.6131517887115479,0.6856340765953064,0.8047793507575989
0.000447804667689914,0.000447804667689914,,0.000447804667689914,,,,,15975,,,,,,
,,0.2590239942073822,,0.7752522826194763,0.8686568140983582,75,1.4683570861816406,16187,0.6464025378227234,,,,,
,,,,,,75,,16187,,0.16989101469516754,0.8784261345863342,0.6126666069030762,0.6862167119979858,0.80440354347229
0.00044488836970710483,0.00044488836970710483,,0.00044488836970710483,,,,,16188,,,,,,
,,0.2653321623802185,,0.7677416205406189,0.85826176404953,76,1.4728662967681885,16400,0.6598646640777588,,,,,
,,,,,,76,,16400,,0.16857759654521942,0.8736778497695923,0.6088711023330688,0.6851979494094849,0.8013293743133545
0.000441903606635889,0.000441903606635889,,0.000441903606635889,,,,,16401,,,,,,
,,0.2840997874736786,,0.7702133059501648,0.8545016050338745,77,1.4897866249084473,16613,0.6774290800094604,,,,,
,,,,,,77,,16613,,0.16841761767864227,0.8734692335128784,0.6086763739585876,0.6856732368469238,0.8014270663261414
0.00043885151843066914,0.00043885151843066914,,0.00043885151843066914,,,,,16614,,,,,,
,,0.2629740238189697,,0.7672381401062012,0.8643050789833069,78,1.4786516427993774,16826,0.6628799438476562,,,,,
,,,,,,78,,16826,,0.16764779388904572,0.8701375126838684,0.6056511402130127,0.6853394508361816,0.7993283867835999
0.0004357332707589719,0.0004357332707589719,,0.0004357332707589719,,,,,16827,,,,,,
,,0.3056183159351349,,0.747188150882721,0.8258980512619019,79,1.4392223358154297,17039,0.6526792645454407,,,,,
,,,,,,79,,17039,,0.16774259507656097,0.8727101683616638,0.608268678188324,0.6850458383560181,0.8016666173934937
0.00043255005455625087,0.00043255005455625087,,0.00043255005455625087,,,,,17040,,,,,,
,,0.25266897678375244,,0.780718982219696,0.8806179761886597,80,1.5004315376281738,17252,0.6697630286216736,,,,,
,,,,,,80,,17252,,0.16745206713676453,0.8715192079544067,0.6073724627494812,0.683131217956543,0.8007619380950928
0.0004293030855710391,0.0004293030855710391,,0.0004293030855710391,,,,,17253,,,,,,
,,0.2587219774723053,,0.7889168858528137,0.8931353092193604,81,1.4905725717544556,17465,0.6495463848114014,,,,,
,,,,,,81,,17465,,0.16713204979896545,0.8713801503181458,0.6079526543617249,0.6843447685241699,0.800543487071991
0.00042599360390062466,0.00042599360390062466,,0.00042599360390062466,,,,,17466,,,,,,
,,0.2714017629623413,,0.771661102771759,0.8570493459701538,82,1.4620336294174194,17678,0.6476783156394958,,,,,
,,,,,,82,,17678,,0.1670035719871521,0.8708922863006592,0.6069608926773071,0.6843946576118469,0.8008167147636414
0.0004226228735174271,0.0004226228735174271,,0.0004226228735174271,,,,,17679,,,,,,
,,0.26723653078079224,,0.7613606452941895,0.8511907458305359,83,1.4617558717727661,17891,0.6554802060127258,,,,,
,,,,,,83,,17891,,0.16705673933029175,0.8716527223587036,0.6084814071655273,0.6833326816558838,0.8007104992866516
0.0004191921817862553,0.0004191921817862553,,0.0004191921817862553,,,,,17892,,,,,,
,,0.29272761940956116,,0.7611076235771179,0.8465642929077148,84,1.4699715375900269,18104,0.6661356687545776,,,,,
,,,,,,84,,18104,,0.16659238934516907,0.8715937733650208,0.608946681022644,0.6836133599281311,0.8010561466217041
0.00041570283897263117,0.00041570283897263117,,0.00041570283897263117,,,,,18105,,,,,,
,,0.267363578081131,,0.7744255661964417,0.868893027305603,85,1.4856431484222412,18317,0.663983941078186,,,,,
,,,,,,85,,18317,,0.16633988916873932,0.869238555431366,0.6060123443603516,0.6839093565940857,0.7997846603393555
0.00041215617774236694,0.00041215617774236694,,0.00041215617774236694,,,,,18318,,,,,,
,,0.2800382375717163,,0.7417863011360168,0.8232705593109131,86,1.44084894657135,18530,0.6583205461502075,,,,,
,,,,,,86,,18530,,0.16494618356227875,0.865185022354126,0.6033385992050171,0.6831624507904053,0.797139048576355
0.00040855355265258784,0.00040855355265258784,,0.00040855355265258784,,,,,18531,,,,,,
,,0.27491748332977295,,0.7724280953407288,0.8682246804237366,87,1.4849334955215454,18743,0.6646071076393127,,,,,
,,,,,,87,,18743,,0.16717281937599182,0.8742135763168335,0.6112287640571594,0.6806363463401794,0.8028525710105896
0.0004048963396343925,0.0004048963396343925,,0.0004048963396343925,,,,,18744,,,,,,
,,0.27871042490005493,,0.7870473861694336,0.8898171782493591,88,1.5125747919082642,18956,0.6741424202919006,,,,,
,,,,,,88,,18956,,0.16649112105369568,0.8727025389671326,0.6099012494087219,0.6818867325782776,0.8025215864181519
0.0004011859354673519,0.0004011859354673519,,0.0004011859354673519,,,,,18957,,,,,,
,,0.2649068534374237,,0.7791284918785095,0.8708839416503906,89,1.460893154144287,19169,0.6358867883682251,,,,,
,,,,,,89,,19169,,0.1655588448047638,0.8691079616546631,0.6066834926605225,0.6828138828277588,0.8004148006439209
0.00039742375724604435,0.00039742375724604435,,0.00039742375724604435,,,,,19170,,,,,,
,,0.2743416428565979,,0.7640883922576904,0.8509840965270996,90,1.4692306518554688,19382,0.6616944670677185,,,,,
,,,,,,90,,19382,,0.16502098739147186,0.867341160774231,0.6049602627754211,0.6819074749946594,0.7996803522109985
0.0003936112418388327,0.0003936112418388327,,0.0003936112418388327,,,,,19383,,,,,,
,,0.2871910333633423,,0.7695286273956299,0.8567649722099304,91,1.448522925376892,19595,0.6353761553764343,,,,,
,,,,,,91,,19595,,0.1643882393836975,0.8666428327560425,0.604864776134491,0.6816182136535645,0.7996443510055542
0.00038974984533908855,0.00038974984533908855,,0.00038974984533908855,,,,,19596,,,,,,
,,0.27088749408721924,,0.7469936609268188,0.8301339149475098,92,1.423348307609558,19808,0.6347845196723938,,,,,
,,,,,,92,,19808,,0.16316573321819305,0.8618043065071106,0.6008037328720093,0.6812371611595154,0.7964733839035034
0.00038584104250907454,0.00038584104250907454,,0.00038584104250907454,,,,,19809,,,,,,
,,0.268126517534256,,0.7677024006843567,0.8587892651557922,93,1.4635584354400635,20021,0.6503126621246338,,,,,
,,,,,,93,,20021,,0.1634378433227539,0.8655049204826355,0.605198085308075,0.6798585653305054,0.7989360094070435
0.00038188632621669657,0.00038188632621669657,,0.00038188632621669657,,,,,20022,,,,,,
,,0.2641085982322693,,0.7759188413619995,0.8642382621765137,94,1.4768657684326172,20234,0.656787097454071,,,,,
,,,,,,94,,20234,,0.16431096196174622,0.869468092918396,0.6091353297233582,0.6785326600074768,0.8011786341667175
0.00037788720686534043,0.00037788720686534043,,0.00037788720686534043,,,,,20235,,,,,,
,,0.2840143144130707,,0.783692479133606,0.8720354437828064,95,1.4855278730392456,20447,0.6576639413833618,,,,,
,,,,,,95,,20447,,0.16305428743362427,0.8627320528030396,0.6017430424690247,0.6803851127624512,0.7976127862930298
0.0003738452118170121,0.0003738452118170121,,0.0003738452118170121,,,,,20448,,,,,,
,,0.27467504143714905,,0.7633515000343323,0.8489886522293091,96,1.4607990980148315,20660,0.6546290516853333,,,,,
,,,,,,96,,20660,,0.16432908177375793,0.8688831925392151,0.6078736782073975,0.6783279776573181,0.8012348413467407
0.0003697618848090004,0.0003697618848090004,,0.0003697618848090004,,,,,20661,,,,,,
,,0.2549481987953186,,0.7586874961853027,0.8479946255683899,97,1.4445338249206543,20873,0.6411927342414856,,,,,
,,,,,,97,,20873,,0.16377292573451996,0.8677656650543213,0.6068581342697144,0.6787816286087036,0.8011272549629211
0.0003656387853642856,0.0003656387853642856,,0.0003656387853642856,,,,,20874,,,,,,
,,0.26741647720336914,,0.7831600308418274,0.8720874190330505,98,1.4676305055618286,21086,0.6400067210197449,,,,,
,,,,,,98,,21086,,0.16188469529151917,0.8611951470375061,0.6020421385765076,0.6789401769638062,0.7965789437294006
0.0003614774881959196,0.0003614774881959196,,0.0003614774881959196,,,,,21087,,,,,,
,,0.28406572341918945,,0.7676988244056702,0.8495728373527527,99,1.4365350008010864,21299,0.627899169921875,,,,,
,,,,,,99,,21299,,0.161753311753273,0.8620923161506653,0.6030224561691284,0.6775879859924316,0.7976555228233337
0.0003572795826056039,0.0003572795826056039,,0.0003572795826056039,,,,,21300,,,,,,
,,0.25600504875183105,,0.7693605422973633,0.8586171269416809,100,1.4459606409072876,21512,0.6319717764854431,,,,,
,,,,,,100,,21512,,0.16292880475521088,0.8660647869110107,0.60627281665802,0.6772127747535706,0.7999996542930603
0.00035304667187669673,0.00035304667187669673,,0.00035304667187669673,,,,,21513,,,,,,
,,0.2672056555747986,,0.7526938915252686,0.8320954442024231,101,1.4497675895690918,21725,0.6573728919029236,,,,,
,,,,,,101,,21725,,0.16163866221904755,0.860938310623169,0.6018571853637695,0.6778153777122498,0.7967419624328613
0.00034878037266187925,0.00034878037266187925,,0.00034878037266187925,,,,,21726,,,,,,
,,0.2636427581310272,,0.7616680264472961,0.8438926935195923,102,1.442309021949768,21938,0.6395286321640015,,,,,
,,,,,,102,,21938,,0.16161856055259705,0.8618671298027039,0.602373480796814,0.6779449582099915,0.7981238961219788
0.0003444823143657163,0.0003444823143657163,,0.0003444823143657163,,,,,21939,,,,,,
,,0.2740417718887329,,0.7668764591217041,0.8528029918670654,103,1.4529705047607422,22151,0.6431307196617126,,,,,
,,,,,,103,,22151,,0.16154733300209045,0.8634275197982788,0.6043981909751892,0.6759934425354004,0.799362063407898
0.00034015413852234676,0.00034015413852234676,,0.00034015413852234676,,,,,22152,,,,,,
,,0.25642719864845276,,0.7674954533576965,0.8576212525367737,104,1.4558792114257812,22364,0.6433207988739014,,,,,
,,,,,,104,,22364,,0.16023916006088257,0.8577094674110413,0.5996949672698975,0.6769862174987793,0.7952458262443542
0.00033579749816854123,0.00033579749816854123,,0.00033579749816854123,,,,,22365,,,,,,
,,0.26080694794654846,,0.7706077694892883,0.8596619963645935,105,1.4828025102615356,22577,0.6676676869392395,,,,,
,,,,,,105,,22577,,0.16068139672279358,0.8615038394927979,0.6026821136474609,0.6759397387504578,0.7989633083343506
0.0003314140572123668,0.0003314140572123668,,0.0003314140572123668,,,,,22578,,,,,,
,,0.273844450712204,,0.7717815637588501,0.8574220538139343,106,1.4794210195541382,22790,0.6648192405700684,,,,,
,,,,,,106,,22790,,0.1616126000881195,0.8667455911636353,0.6090517044067383,0.6740934252738953,0.8012140989303589
0.0003270054897976995,0.0003270054897976995,,0.0003270054897976995,,,,,22791,,,,,,
,,0.28056800365448,,0.7697646617889404,0.8528105616569519,107,1.4463367462158203,23003,0.6350491642951965,,,,,
,,,,,,107,,23003,,0.15971101820468903,0.8570818901062012,0.5999324321746826,0.6755186915397644,0.7948096394538879
0.00032257347966482754,0.00032257347966482754,,0.00032257347966482754,,,,,23004,,,,,,
,,0.2662470042705536,,0.7664555311203003,0.8576580286026001,108,1.4589073657989502,23216,0.6468505263328552,,,,,
,,,,,,108,,23216,,0.15989810228347778,0.8596773147583008,0.6020717024803162,0.6753820180892944,0.7974866628646851
0.0003181197195073897,0.0003181197195073897,,0.0003181197195073897,,,,,23217,,,,,,
,,0.2805558145046234,,0.7600865364074707,0.844521164894104,109,1.436309814453125,23429,0.6340059638023376,,,,,
,,,,,,109,,23429,,0.16096094250679016,0.8648145794868469,0.6073945164680481,0.6741266250610352,0.800312876701355
0.00031364591032589397,0.00031364591032589397,,0.00031364591032589397,,,,,23430,,,,,,
,,0.253628671169281,,0.7712637782096863,0.8652114272117615,110,1.454174280166626,23642,0.6359366178512573,,,,,
,,,,,,110,,23642,,0.15906785428524017,0.8572467565536499,0.5997539758682251,0.675466001033783,0.7966036200523376
0.00030915376077806354,0.00030915376077806354,,0.00030915376077806354,,,,,23643,,,,,,
,,0.2574487030506134,,0.7726646661758423,0.8610620498657227,111,1.4592390060424805,23855,0.6423757076263428,,,,,
,,,,,,111,,23855,,0.15896941721439362,0.8588472008705139,0.60199373960495,0.674432098865509,0.7977620363235474
0.0003046449865262582,0.0003046449865262582,,0.0003046449865262582,,,,,23856,,,,,,
,,0.24553748965263367,,0.788710355758667,0.8859908580780029,112,1.4686293601989746,24068,0.6312786340713501,,,,,
,,,,,,112,,24068,,0.1585179567337036,0.8570623397827148,0.6007547974586487,0.6741134524345398,0.7963341474533081
0.0003001213095822213,0.0003001213095822213,,0.0003001213095822213,,,,,24069,,,,,,
,,0.2530915141105652,,0.7708362340927124,0.8507902026176453,113,1.4248442649841309,24281,0.6140310764312744,,,,,
,,,,,,113,,24281,,0.15788081288337708,0.8564165234565735,0.6002951264381409,0.6731022000312805,0.7967764735221863
0.00029558445764940036,0.00029558445764940036,,0.00029558445764940036,,,,,24282,,,,,,
,,0.26376062631607056,,0.7731410264968872,0.8641240000724792,114,1.4768855571746826,24494,0.6582531929016113,,,,,
,,,,,,114,,24494,,0.15799754858016968,0.8556103706359863,0.599168598651886,0.6732048988342285,0.7960569262504578
0.00029103616346309565,0.00029103616346309565,,0.00029103616346309565,,,,,24495,,,,,,
,,0.24814175069332123,,0.76638263463974,0.8523777723312378,115,1.438333511352539,24707,0.628953218460083,,,,,
,,,,,,115,,24707,,0.15733657777309418,0.8549357056617737,0.5992093086242676,0.6726691722869873,0.7959886789321899
0.00028647816412868466,0.00028647816412868466,,0.00028647816412868466,,,,,24708,,,,,,
,,0.25649622082710266,,0.785524308681488,0.8824390172958374,116,1.4654213190078735,24920,0.6314396262168884,,,,,
,,,,,,116,,24920,,0.15795496106147766,0.858492910861969,0.6025505065917969,0.6719334125518799,0.7985255122184753
0.00028191220045817994,0.00028191220045817994,,0.00028191220045817994,,,,,24921,,,,,,
,,0.2536799907684326,,0.7655324339866638,0.8500264286994934,117,1.412597894668579,25133,0.6048185229301453,,,,,
,,,,,,117,,25133,,0.15834957361221313,0.8613007664680481,0.6055394411087036,0.6706833243370056,0.8003630638122559
0.00027734001630536987,0.00027734001630536987,,0.00027734001630536987,,,,,25134,,,,,,
,,0.25667887926101685,,0.7734249234199524,0.8596193194389343,118,1.44184148311615,25346,0.625319242477417,,,,,
,,,,,,118,,25346,,0.15601693093776703,0.85185706615448,0.5970695614814758,0.6720761060714722,0.7946110963821411
0.0002727633578997978,0.0002727633578997978,,0.0002727633578997978,,,,,25347,,,,,,
,,0.2735486626625061,,0.7616754770278931,0.8496893048286438,119,1.427323341369629,25559,0.6216409802436829,,,,,
,,,,,,119,,25559,,0.1572609394788742,0.8579264879226685,0.6030444502830505,0.6700692176818848,0.798287034034729
0.0002681839731798343,0.0002681839731798343,,0.0002681839731798343,,,,,25560,,,,,,
,,0.27666452527046204,,0.7769234776496887,0.8681151866912842,120,1.4544084072113037,25772,0.6318890452384949,,,,,
,,,,,,120,,25772,,0.15577685832977295,0.8520796895027161,0.5974310636520386,0.6706026792526245,0.7951745986938477
0.00026360361112509644,0.00026360361112509644,,0.00026360361112509644,,,,,25773,,,,,,
,,0.27673301100730896,,0.762069821357727,0.8447015881538391,121,1.4264310598373413,25985,0.6230454444885254,,,,,
,,,,,,121,,25985,,0.15553611516952515,0.8517985343933105,0.5980091094970703,0.6706717014312744,0.7945155501365662
0.00025902402108846946,0.00025902402108846946,,0.00025902402108846946,,,,,25986,,,,,,
,,0.24994857609272003,,0.771716296672821,0.8658463954925537,122,1.435326337814331,26198,0.6165450215339661,,,,,
,,,,,,122,,26198,,0.1553979516029358,0.8530107736587524,0.6000189185142517,0.6697715520858765,0.7952064275741577
0.0002544469521279858,0.0002544469521279858,,0.0002544469521279858,,,,,26199,,,,,,
,,0.2548653483390808,,0.7784091234207153,0.8700563311576843,123,1.4185738563537598,26411,0.5943411588668823,,,,,
,,,,,,123,,26411,,0.15646140277385712,0.8587591648101807,0.6045483946800232,0.6679553985595703,0.8000472187995911
0.0002498741523388171,0.0002498741523388171,,0.0002498741523388171,,,,,26412,,,,,,
,,0.25496143102645874,,0.7717844247817993,0.8687732219696045,124,1.4302661418914795,26624,0.6099874377250671,,,,,
,,,,,,124,,26624,,0.1545080989599228,0.8510065674781799,0.597989559173584,0.6692623496055603,0.7950071692466736
0.0002453073681856333,0.0002453073681856333,,0.0002453073681856333,,,,,26625,,,,,,
,,0.24533957242965698,,0.7789437174797058,0.872184157371521,125,1.4272605180740356,26837,0.6016965508460999,,,,,
,,,,,,125,,26837,,0.15498971939086914,0.853796124458313,0.6006543040275574,0.6684768199920654,0.7969584465026855
0.00024074834383558548,0.00024074834383558548,,0.00024074834383558548,,,,,26838,,,,,,
,,0.2452290654182434,,0.7778053283691406,0.8659924268722534,126,1.430552363395691,27050,0.6086536049842834,,,,,
,,,,,,126,,27050,,0.15370577573776245,0.8477530479431152,0.5953167676925659,0.6688143610954285,0.7927778363227844
0.00023619882049216457,0.00023619882049216457,,0.00023619882049216457,,,,,27051,,,,,,
,,0.24634253978729248,,0.776102602481842,0.8686726689338684,127,1.4391127824783325,27263,0.6167251467704773,,,,,
,,,,,,127,,27263,,0.15330787003040314,0.8470472097396851,0.5952215790748596,0.6677033305168152,0.7922570705413818
0.00023166053573019373,0.00023166053573019373,,0.00023166053573019373,,,,,27264,,,,,,
,,0.2735225260257721,,0.7687071561813354,0.856751024723053,128,1.4357235431671143,27476,0.6229944229125977,,,,,
,,,,,,128,,27476,,0.15271565318107605,0.8467795848846436,0.5947270393371582,0.6681436896324158,0.7934009432792664
0.00022713522283220568,0.00022713522283220568,,0.00022713522283220568,,,,,27477,,,,,,
,,0.254051148891449,,0.7611098289489746,0.8421347737312317,129,1.4068875312805176,27689,0.6052653193473816,,,,,
,,,,,,129,,27689,,0.1535973697900772,0.8520700335502625,0.6005509495735168,0.6663655638694763,0.7963945269584656
0.000222624610126459,0.000222624610126459,,0.000222624610126459,,,,,27690,,,,,,
,,0.24350062012672424,,0.7646949887275696,0.8600854277610779,130,1.4166629314422607,27902,0.6042726635932922,,,,,
,,,,,,130,,27902,,0.15270361304283142,0.8477619886398315,0.596207320690155,0.666873037815094,0.7939092516899109
0.00021813042032684785,0.00021813042032684785,,0.00021813042032684785,,,,,27903,,,,,,
,,0.24297839403152466,,0.7730520367622375,0.8641789555549622,131,1.4209282398223877,28115,0.6023127436637878,,,,,
,,,,,,131,,28115,,0.15291446447372437,0.8492209911346436,0.5977005958557129,0.6657710671424866,0.7949122786521912
0.00021365436987495437,0.00021365436987495437,,0.00021365436987495437,,,,,28116,,,,,,
,,0.2435493916273117,,0.7746232748031616,0.8664541244506836,132,1.4274109601974487,28328,0.6068722009658813,,,,,
,,,,,,132,,28328,,0.1528615653514862,0.8502196669578552,0.5986872911453247,0.6659389138221741,0.7960292100906372
0.00020919816828449792,0.00020919816828449792,,0.00020919816828449792,,,,,28329,,,,,,
,,0.24146084487438202,,0.775668740272522,0.8739473819732666,133,1.4226223230361938,28541,0.5978142619132996,,,,,
,,,,,,133,,28541,,0.15147455036640167,0.8439174890518188,0.5932279229164124,0.6667115688323975,0.7916580438613892
0.00020476351748842988,0.00020476351748842988,,0.00020476351748842988,,,,,28542,,,,,,
,,0.2513810992240906,,0.7892935276031494,0.885931670665741,134,1.4624887704849243,28754,0.6248762607574463,,,,,
,,,,,,134,,28754,,0.15201720595359802,0.847762405872345,0.5970555543899536,0.6652538180351257,0.7944349050521851
0.00020035211118892308,0.00020035211118892308,,0.00020035211118892308,,,,,28755,,,,,,
,,0.2555743157863617,,0.7656473517417908,0.8503945469856262,135,1.4162691831588745,28967,0.6082482933998108,,,,,
,,,,,,135,,28967,,0.1504136472940445,0.8407133221626282,0.591110348701477,0.6665450930595398,0.7894887924194336
0.00019596563421050585,0.00019596563421050585,,0.00019596563421050585,,,,,28968,,,,,,
,,0.27318036556243896,,0.769203782081604,0.8544287085533142,136,1.4299652576446533,29180,0.6181490421295166,,,,,
,,,,,,136,,29180,,0.15095743536949158,0.8443669080734253,0.594149649143219,0.6648696660995483,0.7926691770553589
0.0001916057618565857,0.0001916057618565857,,0.0001916057618565857,,,,,29181,,,,,,
,,0.2564534842967987,,0.7702516317367554,0.8513975739479065,137,1.416211724281311,29393,0.6053871512413025,,,,,
,,,,,,137,,29393,,0.15071770548820496,0.8456189632415771,0.5962502360343933,0.6641683578491211,0.793552041053772
0.0001872741592696099,0.0001872741592696099,,0.0001872741592696099,,,,,29394,,,,,,
,,0.26030653715133667,,0.7657727599143982,0.8536885976791382,138,1.3868143558502197,29606,0.5770835280418396,,,,,
,,,,,,138,,29606,,0.1509707272052765,0.8480812311172485,0.5979998707771301,0.6628149151802063,0.7962210178375244
0.00018297248079510682,0.00018297248079510682,,0.00018297248079510682,,,,,29607,,,,,,
,,0.24384230375289917,,0.7711354494094849,0.8544065356254578,139,1.3970400094985962,29819,0.5842689871788025,,,,,
,,,,,,139,,29819,,0.151320219039917,0.8495580554008484,0.5998023152351379,0.6629126071929932,0.7966732382774353
0.0001787023693498504,0.0001787023693498504,,0.0001787023693498504,,,,,29820,,,,,,
,,0.24577657878398895,,0.7615371346473694,0.8483704924583435,140,1.3814988136291504,30032,0.576545000076294,,,,,
,,,,,,140,,30032,,0.14946193993091583,0.841651439666748,0.5932478904724121,0.6641391515731812,0.7911311388015747
0.00017446545579439014,0.00017446545579439014,,0.00017446545579439014,,,,,30033,,,,,,
,,0.26870569586753845,,0.7761524319648743,0.8619996905326843,141,1.42123281955719,30245,0.6021567583084106,,,,,
,,,,,,141,,30245,,0.1497984081506729,0.8429637551307678,0.5935291647911072,0.6631598472595215,0.7928016781806946
0.00017026335831018502,0.00017026335831018502,,0.00017026335831018502,,,,,30246,,,,,,
,,0.2561487555503845,,0.7817507982254028,0.8753932118415833,142,1.442887306213379,30458,0.614315390586853,,,,,
,,,,,,142,,30458,,0.1492266058921814,0.8415976166725159,0.5930151343345642,0.6624960899353027,0.7917266488075256
0.00016609768178158033,0.00016609768178158033,,0.00016609768178158033,,,,,30459,,,,,,
,,0.24345837533473969,,0.7733750343322754,0.8694760799407959,143,1.4201407432556152,30671,0.5987153649330139,,,,,
,,,,,,143,,30671,,0.14870043098926544,0.8389158248901367,0.590850830078125,0.6633924245834351,0.7895797491073608
0.00016197001718286334,0.00016197001718286334,,0.00016197001718286334,,,,,30672,,,,,,
,,0.24774698913097382,,0.7634673714637756,0.8527684807777405,144,1.3774101734161377,30884,0.5692921876907349,,,,,
,,,,,,144,,30884,,0.14974723756313324,0.8453548550605774,0.5973010063171387,0.661288857460022,0.793914258480072
0.0001578819409706303,0.0001578819409706303,,0.0001578819409706303,,,,,30885,,,,,,
,,0.23431344330310822,,0.7703238129615784,0.874588131904602,145,1.4005662202835083,31097,0.5781102180480957,,,,,
,,,,,,145,,31097,,0.14939430356025696,0.8453123569488525,0.5969175696372986,0.6611989736557007,0.7949187755584717
0.00015383501448169932,0.00015383501448169932,,0.00015383501448169932,,,,,31098,,,,,,
,,0.260741263628006,,0.7733484506607056,0.8684496879577637,146,1.4346970319747925,31310,0.6137980222702026,,,,,
,,,,,,146,,31310,,0.1497177928686142,0.8472836017608643,0.5985031723976135,0.6608628630638123,0.7966281771659851
0.00014983078333679766,0.00014983078333679766,,0.00014983078333679766,,,,,31311,,,,,,
,,0.2626715302467346,,0.7692641019821167,0.8603836894035339,147,1.4049105644226074,31523,0.5900866985321045,,,,,
,,,,,,147,,31523,,0.14868102967739105,0.8428152799606323,0.5950950980186462,0.6610618233680725,0.7931731343269348
0.0001458707768502509,0.0001458707768502509,,0.0001458707768502509,,,,,31524,,,,,,
,,0.23797163367271423,,0.7711244225502014,0.8648759722709656,148,1.405299425125122,31736,0.5872991681098938,,,,,
,,,,,,148,,31736,,0.14801841974258423,0.8411307334899902,0.5938357710838318,0.6614776849746704,0.7923887372016907
0.00014195650744590024,0.00014195650744590024,,0.00014195650744590024,,,,,31737,,,,,,
,,0.2530432939529419,,0.7578254342079163,0.841222882270813,149,1.3818963766098022,31949,0.58237224817276,,,,,
,,,,,,149,,31949,,0.14835938811302185,0.8436904549598694,0.5960993766784668,0.6595511436462402,0.7945624589920044
0.00013808947007947056,0.00013808947007947056,,0.00013808947007947056,,,,,31950,,,,,,
,,0.24792389571666718,,0.7601662278175354,0.8444384932518005,150,1.372253179550171,32162,0.5699506998062134,,,,,
,,,,,,150,,32162,,0.147139772772789,0.8380130529403687,0.5915073752403259,0.6610298752784729,0.790239155292511
0.00013427114166761003,0.00013427114166761003,,0.00013427114166761003,,,,,32163,,,,,,
,,0.2516596019268036,,0.7631182074546814,0.8476789593696594,151,1.3734341859817505,32375,0.5680354833602905,,,,,
,,,,,,151,,32375,,0.14749467372894287,0.8414701819419861,0.5946338772773743,0.6595392227172852,0.7933175563812256
0.00013050298052382013,0.00013050298052382013,,0.00013050298052382013,,,,,32376,,,,,,
,,0.23859716951847076,,0.7714073061943054,0.8676539659500122,152,1.3890795707702637,32588,0.5695489048957825,,,,,
,,,,,,152,,32588,,0.14801841974258423,0.84482741355896,0.5977355241775513,0.6580538749694824,0.7958821654319763
0.00012678642580148838,0.00012678642580148838,,0.00012678642580148838,,,,,32589,,,,,,
,,0.23771120607852936,,0.7707976698875427,0.855000913143158,153,1.3881222009658813,32801,0.5752228498458862,,,,,
,,,,,,153,,32801,,0.1459222137928009,0.8356102108955383,0.5896160006523132,0.6598160266876221,0.789760172367096
0.00012312289694424173,0.00012312289694424173,,0.00012312289694424173,,,,,32802,,,,,,
,,0.2529388964176178,,0.7689564824104309,0.8617433309555054,154,1.402901530265808,33014,0.5875516533851624,,,,,
,,,,,,154,,33014,,0.14602170884609222,0.8369823694229126,0.5908182859420776,0.6594886779785156,0.791103184223175
0.0001195137931438251,0.0001195137931438251,,0.0001195137931438251,,,,,33015,,,,,,
,,0.23638442158699036,,0.7680098414421082,0.8610924482345581,155,1.3804525136947632,33227,0.5659014582633972,,,,,
,,,,,,155,,33227,,0.14517508447170258,0.8342379331588745,0.5886787176132202,0.6586191654205322,0.7894468903541565
0.00011596049280571633,0.00011596049280571633,,0.00011596049280571633,,,,,33228,,,,,,
,,0.23164969682693481,,0.778099000453949,0.8685792088508606,156,1.393689751625061,33440,0.5703505873680115,,,,,
,,,,,,156,,33440,,0.1465071439743042,0.8419249653816223,0.5968917012214661,0.6563757658004761,0.793944239616394
0.0001124643530226789,0.0001124643530226789,,0.0001124643530226789,,,,,33441,,,,,,
,,0.2672758996486664,,0.7587254643440247,0.8425086140632629,157,1.3781168460845947,33653,0.5774998068809509,,,,,
,,,,,,157,,33653,,0.1458832025527954,0.8403172492980957,0.5950616002082825,0.6564663052558899,0.7938063144683838
0.00010902670905645485,0.00010902670905645485,,0.00010902670905645485,,,,,33654,,,,,,
,,0.23120762407779694,,0.7745863795280457,0.8706938028335571,158,1.374456524848938,33866,0.5518165230751038,,,,,
,,,,,,158,,33866,,0.1449720859527588,0.8363577723503113,0.5915234088897705,0.6570686101913452,0.7912476062774658
0.00010564887382779569,0.00010564887382779569,,0.00010564887382779569,,,,,33867,,,,,,
,,0.2375236600637436,,0.7654432058334351,0.848712146282196,159,1.3671795129776,34079,0.5601018667221069,,,,,
,,,,,,159,,34079,,0.14511016011238098,0.8378879427909851,0.593380868434906,0.6565956473350525,0.7921746373176575
0.00010233213741502532,0.00010233213741502532,,0.00010233213741502532,,,,,34080,,,,,,
,,0.25183460116386414,,0.7625651955604553,0.848094642162323,160,1.371353268623352,34292,0.5660234689712524,,,,,
,,,,,,160,,34292,,0.14583827555179596,0.8411872982978821,0.5962064862251282,0.6559144258499146,0.794491708278656
9.907776656132784e-05,9.907776656132784e-05,,9.907776656132784e-05,,,,,34293,,,,,,
,,0.2463098019361496,,0.7697719931602478,0.8604084253311157,161,1.365696907043457,34505,0.5506066083908081,,,,,
,,,,,,161,,34505,,0.14426027238368988,0.8340868353843689,0.5897732973098755,0.6560412049293518,0.7898796796798706
9.588700419094699e-05,9.588700419094699e-05,,9.588700419094699e-05,,,,,34506,,,,,,
,,0.2574865221977234,,0.7755783200263977,0.8681375980377197,162,1.398095726966858,34718,0.5762377381324768,,,,,
,,,,,,162,,34718,,0.14438529312610626,0.8374350070953369,0.5934320688247681,0.654562771320343,0.7926674485206604
9.276106893448261e-05,9.276106893448261e-05,,9.276106893448261e-05,,,,,34719,,,,,,
,,0.27593106031417847,,0.7707290649414062,0.8591710329055786,163,1.417140245437622,34931,0.6021903157234192,,,,,
,,,,,,163,,34931,,0.14454449713230133,0.8379096388816833,0.5941426753997803,0.6546558141708374,0.7925877571105957
8.97011546634659e-05,8.97011546634659e-05,,8.97011546634659e-05,,,,,34932,,,,,,
,,0.2417413890361786,,0.7613422274589539,0.8497218489646912,164,1.3589686155319214,35144,0.5534365773200989,,,,,
,,,,,,164,,35144,,0.1433335542678833,0.8332884907722473,0.5896412134170532,0.6551653742790222,0.7902683615684509
8.670843003439054e-05,8.670843003439054e-05,,8.670843003439054e-05,,,,,35145,,,,,,
,,0.23167982697486877,,0.7711288332939148,0.8540356159210205,165,1.3590995073318481,35357,0.5465174317359924,,,,,
,,,,,,165,,35357,,0.14293259382247925,0.8314948081970215,0.5884830355644226,0.6553643941879272,0.7886413335800171
8.378403804237399e-05,8.378403804237399e-05,,8.378403804237399e-05,,,,,35358,,,,,,
,,0.2279248684644699,,0.7826690673828125,0.8726529479026794,166,1.378160834312439,35570,0.5504999160766602,,,,,
,,,,,,166,,35570,,0.14367227256298065,0.8360466957092285,0.5927911400794983,0.6539292335510254,0.7919573783874512
8.092909558461955e-05,8.092909558461955e-05,,8.092909558461955e-05,,,,,35571,,,,,,
,,0.2540835440158844,,0.7649844884872437,0.8468024730682373,167,1.3866965770721436,35783,0.5808031558990479,,,,,
,,,,,,167,,35783,,0.14345134794712067,0.8362790942192078,0.5932452082633972,0.653178870677948,0.7924103140830994
7.814469303384569e-05,7.814469303384569e-05,,7.814469303384569e-05,,,,,35784,,,,,,
,,0.2744615375995636,,0.7669265270233154,0.8493428230285645,168,1.405031442642212,35996,0.5968965888023376,,,,,
,,,,,,168,,35996,,0.1424117535352707,0.8322519063949585,0.5896844267845154,0.6532925367355347,0.7899958491325378
7.543189382184604e-05,7.543189382184604e-05,,7.543189382184604e-05,,,,,35997,,,,,,
,,0.23726195096969604,,0.7767659425735474,0.8649957776069641,169,1.3606113195419312,36209,0.5397304892539978,,,,,
,,,,,,169,,36209,,0.14266851544380188,0.8345656991004944,0.5920718312263489,0.652582049369812,0.7917226552963257
7.279173403333901e-05,7.279173403333901e-05,,7.279173403333901e-05,,,,,36210,,,,,,
,,0.22576169669628143,,0.7685545682907104,0.865888237953186,170,1.3636640310287476,36422,0.5464426279067993,,,,,
,,,,,,170,,36422,,0.14137569069862366,0.8278025984764099,0.5857324004173279,0.6539208889007568,0.7871217131614685
7.022522201026077e-05,7.022522201026077e-05,,7.022522201026077e-05,,,,,36423,,,,,,
,,0.22593951225280762,,0.7868526577949524,0.8870498538017273,171,1.3741668462753296,36635,0.5372154712677002,,,,,
,,,,,,171,,36635,,0.141756072640419,0.8316593170166016,0.5898498892784119,0.6528067588806152,0.7899565696716309
6.773333796665539e-05,6.773333796665539e-05,,6.773333796665539e-05,,,,,36636,,,,,,
,,0.24404855072498322,,0.7669230699539185,0.849511444568634,172,1.3543636798858643,36848,0.5461464524269104,,,,,
,,,,,,172,,36848,,0.14214064180850983,0.8342864513397217,0.5919514298439026,0.652182936668396,0.7923401594161987
6.531703361430657e-05,6.531703361430657e-05,,6.531703361430657e-05,,,,,36849,,,,,,
,,0.23190781474113464,,0.7734960913658142,0.866356611251831,173,1.3557138442993164,37061,0.5357875823974609,,,,,
,,,,,,173,,37061,,0.14167232811450958,0.8325092196464539,0.5908369421958923,0.6519201397895813,0.7908366322517395
6.297723179925567e-05,6.297723179925567e-05,,6.297723179925567e-05,,,,,37062,,,,,,
,,0.2415318489074707,,0.7541796565055847,0.8377891182899475,174,1.3361634016036987,37274,0.5401790738105774,,,,,
,,,,,,174,,37274,,0.14082153141498566,0.8277329802513123,0.5866973996162415,0.6524709463119507,0.7871257662773132
6.0714826149344256e-05,6.0714826149344256e-05,,6.0714826149344256e-05,,,,,37275,,,,,,
,,0.24358855187892914,,0.7818996906280518,0.881685197353363,175,1.3882850408554077,37487,0.5564925074577332,,,,,
,,,,,,175,,37487,,0.14087478816509247,0.8279046416282654,0.5864418148994446,0.6523949503898621,0.7876182198524475
5.8530680732915265e-05,5.8530680732915265e-05,,5.8530680732915265e-05,,,,,37488,,,,,,
,,0.23192155361175537,,0.7717968225479126,0.8623016476631165,176,1.3461384773254395,37700,0.5290892124176025,,,,,
,,,,,,176,,37700,,0.1406973898410797,0.8293573260307312,0.5882339477539062,0.651919424533844,0.7890856862068176
5.64256297288045e-05,5.64256297288045e-05,,5.64256297288045e-05,,,,,37701,,,,,,
,,0.2503286898136139,,0.7722458243370056,0.8690024614334106,177,1.3678051233291626,37913,0.5471810102462769,,,,,
,,,,,,177,,37913,,0.140278160572052,0.8274534344673157,0.5863153338432312,0.651610255241394,0.7880347967147827
5.440047710774686e-05,5.440047710774686e-05,,5.440047710774686e-05,,,,,37914,,,,,,
,,0.25328418612480164,,0.7777709364891052,0.879304051399231,178,1.3933738470077515,38126,0.564836323261261,,,,,
,,,,,,178,,38126,,0.13993129134178162,0.827254056930542,0.5870361328125,0.6513049602508545,0.7876096963882446
5.245599632532041e-05,5.245599632532041e-05,,5.245599632532041e-05,,,,,38127,,,,,,
,,0.2288614809513092,,0.7631397247314453,0.8440641760826111,179,1.3186472654342651,38339,0.5150454640388489,,,,,
,,,,,,179,,38339,,0.14013297855854034,0.8276735544204712,0.5870709419250488,0.6513333320617676,0.7880100607872009
5.059293002654459e-05,5.059293002654459e-05,,5.059293002654459e-05,,,,,38340,,,,,,
,,0.2355099320411682,,0.7656722068786621,0.8529250025749207,180,1.3378040790557861,38552,0.5285055041313171,,,,,
,,,,,,180,,38552,,0.1392621397972107,0.8258323669433594,0.5854494571685791,0.651017963886261,0.7876906991004944
4.8811989762245704e-05,4.8811989762245704e-05,,4.8811989762245704e-05,,,,,38553,,,,,,
,,0.23208363354206085,,0.7675407528877258,0.8568987846374512,181,1.3311444520950317,38765,0.5189245939254761,,,,,
,,,,,,181,,38765,,0.1396244913339615,0.8287510871887207,0.5888811349868774,0.6505504250526428,0.7893719673156738
4.711385571729842e-05,4.711385571729842e-05,,4.711385571729842e-05,,,,,38766,,,,,,
,,0.23688343167304993,,0.7604504227638245,0.8521601557731628,182,1.3309317827224731,38978,0.5246265530586243,,,,,
,,,,,,182,,38978,,0.13985058665275574,0.829465389251709,0.589751124382019,0.6505476236343384,0.7894782423973083
4.549917645084612e-05,4.549917645084612e-05,,4.549917645084612e-05,,,,,38979,,,,,,
,,0.23599861562252045,,0.7551257610321045,0.8390766382217407,183,1.3024325370788574,39191,0.5053313374519348,,,,,
,,,,,,183,,39191,,0.13972346484661102,0.8293002247810364,0.5898032188415527,0.6491369605064392,0.7893505096435547
4.396856864860056e-05,4.396856864860056e-05,,4.396856864860056e-05,,,,,39192,,,,,,
,,0.2295175939798355,,0.7655218243598938,0.8534643054008484,184,1.3350610733032227,39404,0.5255680084228516,,,,,
,,,,,,184,,39404,,0.1391131430864334,0.8268280625343323,0.5867215991020203,0.6499300599098206,0.7887080907821655
4.2522616887314184e-05,4.2522616887314184e-05,,4.2522616887314184e-05,,,,,39405,,,,,,
,,0.22728921473026276,,0.7711099982261658,0.865820050239563,185,1.340578556060791,39617,0.5221134424209595,,,,,
,,,,,,185,,39617,,0.1394418627023697,0.8294520974159241,0.5901952385902405,0.6489719152450562,0.7898252010345459
4.116187341151595e-05,4.116187341151595e-05,,4.116187341151595e-05,,,,,39618,,,,,,
,,0.2325437217950821,,0.764913022518158,0.8583518266677856,186,1.332353115081787,39830,0.5207206010818481,,,,,
,,,,,,186,,39830,,0.1391511857509613,0.8278746008872986,0.588321328163147,0.6496484279632568,0.7891255021095276
3.98868579225956e-05,3.98868579225956e-05,,3.98868579225956e-05,,,,,39831,,,,,,
,,0.23199857771396637,,0.7641686797142029,0.8481584787368774,187,1.3169788122177124,40043,0.5108152627944946,,,,,
,,,,,,187,,40043,,0.13833452761173248,0.8234407305717468,0.5835851430892944,0.6502524614334106,0.7866275310516357
3.8698057380316984e-05,3.8698057380316984e-05,,3.8698057380316984e-05,,,,,40044,,,,,,
,,0.24788345396518707,,0.7697950005531311,0.8578034043312073,188,1.3673211336135864,40256,0.5535218715667725,,,,,
,,,,,,188,,40256,,0.13862235844135284,0.8258243203163147,0.5867593288421631,0.648934543132782,0.7876450419425964
3.759592581683598e-05,3.759592581683598e-05,,3.759592581683598e-05,,,,,40257,,,,,,
,,0.25178059935569763,,0.7745359539985657,0.8573277592658997,189,1.3537975549697876,40469,0.5378658175468445,,,,,
,,,,,,189,,40469,,0.13857772946357727,0.8269646167755127,0.5879543423652649,0.6495391130447388,0.788819432258606
3.65808841632946e-05,3.65808841632946e-05,,3.65808841632946e-05,,,,,40470,,,,,,
,,0.22735361754894257,,0.7693402171134949,0.8564396500587463,190,1.3276053667068481,40682,0.5147153735160828,,,,,
,,,,,,190,,40682,,0.1386997252702713,0.8278934955596924,0.5888078808784485,0.6490970253944397,0.7895796895027161
3.565332008905696e-05,3.565332008905696e-05,,3.565332008905696e-05,,,,,40683,,,,,,
,,0.2552970051765442,,0.7645582556724548,0.8485496640205383,191,1.3628157377243042,40895,0.5562618970870972,,,,,
,,,,,,191,,40895,,0.13839958608150482,0.8254193067550659,0.5863956212997437,0.6486678123474121,0.7876439094543457
3.481358785364886e-05,3.481358785364886e-05,,3.481358785364886e-05,,,,,40896,,,,,,
,,0.23976878821849823,,0.7764737010002136,0.8683500289916992,192,1.3645955324172974,41108,0.5421837568283081,,,,,
,,,,,,192,,41108,,0.1383235603570938,0.8264669179916382,0.5871384739875793,0.6483741402626038,0.7891484498977661
3.4062008171457373e-05,3.4062008171457373e-05,,3.4062008171457373e-05,,,,,41109,,,,,,
,,0.23385125398635864,,0.7552249431610107,0.8372182846069336,193,1.3018711805343628,41321,0.5056494474411011,,,,,
,,,,,,193,,41321,,0.13803702592849731,0.8252878189086914,0.5866668820381165,0.6486305594444275,0.7878348231315613
3.3398868089242045e-05,3.3398868089242045e-05,,3.3398868089242045e-05,,,,,41322,,,,,,
,,0.2509671151638031,,0.767545759677887,0.8518648147583008,194,1.3668779134750366,41534,0.5571726560592651,,,,,
,,,,,,194,,41534,,0.13842491805553436,0.8275498151779175,0.5888845324516296,0.6486780047416687,0.7893653512001038
3.282442087650481e-05,3.282442087650481e-05,,3.282442087650481e-05,,,,,41535,,,,,,
,,0.23742440342903137,,0.7724449038505554,0.8707230091094971,195,1.366540789604187,41747,0.5449567437171936,,,,,
,,,,,,195,,41747,,0.13787302374839783,0.8250218629837036,0.5865774750709534,0.6485823392868042,0.7877204418182373
3.233888592876001e-05,3.233888592876001e-05,,3.233888592876001e-05,,,,,41748,,,,,,
,,0.23265624046325684,,0.7634484171867371,0.8493829369544983,196,1.328586220741272,41960,0.5221704840660095,,,,,
,,,,,,196,,41960,,0.13840147852897644,0.8281761407852173,0.5897057056427002,0.6476332545280457,0.7898436784744263
3.194244868374196e-05,3.194244868374196e-05,,3.194244868374196e-05,,,,,41961,,,,,,
,,0.2511436343193054,,0.7687172889709473,0.8449146747589111,197,1.3477727174758911,42173,0.5409566760063171,,,,,
,,,,,,197,,42173,,0.1376795470714569,0.8245906233787537,0.5858204364776611,0.6483511328697205,0.7880014777183533
3.1635260550581684e-05,3.1635260550581684e-05,,3.1635260550581684e-05,,,,,42174,,,,,,
,,0.2341379076242447,,0.7775147557258606,0.8695114850997925,198,1.3486559391021729,42386,0.5251427292823792,,,,,
,,,,,,198,,42386,,0.13835400342941284,0.8275976777076721,0.5886402726173401,0.6476393938064575,0.7898472547531128
3.1417438851979985e-05,3.1417438851979985e-05,,3.1417438851979985e-05,,,,,42387,,,,,,
,,0.21877309679985046,,0.77995365858078,0.8785479068756104,199,1.3383510112762451,42599,0.5091001987457275,,,,,
,,,,,,199,,42599,,0.13758185505867004,0.8237433433532715,0.5851829051971436,0.6484683156013489,0.7871401309967041
